1,1,Rka,Hska,1940-01-16,53039921745,Ul. Kska 40,687046058
2,2,Hek,Tski,1957-03-20,52483155335,Ul. Lska 74,325240953
3,3,Wka,Qska,1989-12-18,61797318876,Ul. Xska 56,133329193
4,4,Vka,Jska,1981-05-06,43821100488,Ul. Aska 39,592971110
5,5,Xka,Wska,1983-08-11,41618215844,Ul. Bska 98,840834696
6,6,Ika,Eska,2004-05-21,71927520799,Ul. Gska 20,590716440
7,7,Wka,Oska,1988-11-11,51437246835,Ul. Tska 76,473701204
8,8,Fek,Xski,1980-09-11,63675760272,Ul. Mska 66,548029705
9,9,Kek,Tski,1988-02-15,81135553392,Ul. Qska 2,746750871
10,10,Kek,Gski,1997-01-23,52292609710,Ul. Uska 74,533129495
11,11,Gek,Sski,1997-04-03,51476257910,Ul. Oska 24,153300162
12,12,Yek,Oski,2000-10-14,72242525855,Ul. Rska 53,383773674
13,13,Ika,Eska,1980-01-09,43018979012,Ul. Wska 7,948638799
14,14,Bek,Uski,1962-12-27,41263474780,Ul. Hska 86,718608297
15,15,Pka,Dska,1967-08-17,72689130788,Ul. Oska 1,591709535
16,16,Xek,Uski,1945-09-25,61134532054,Ul. Gska 91,982170738
17,17,Mek,Pski,1985-07-21,41409595056,Ul. Sska 36,920467473
18,18,Ika,Eska,1984-11-24,52420324725,Ul. Rska 94,743773705
19,19,Cek,Dski,1986-06-23,71809086151,Ul. Cska 98,267631582
20,20,Xek,Qski,1969-04-21,42349906020,Ul. Wska 48,326617364
21,21,Rka,Dska,1944-10-28,52861720945,Ul. Hska 2,352521138
22,22,Hek,Jski,1984-07-01,43500505728,Ul. Aska 88,871739200
23,23,Cek,Oski,2004-07-19,43240216156,Ul. Aska 24,663044010
24,24,Nka,Lska,1977-06-28,83291773184,Ul. Dska 67,887645080
25,25,Vka,Bska,1954-07-14,53853226090,Ul. Cska 23,919111330
26,26,Yka,Tska,1955-05-26,81454404168,Ul. Yska 57,611876008
27,27,Eek,Mski,1991-01-19,61688096032,Ul. Pska 1,580214815
28,28,Nek,Aski,1978-01-18,42028700848,Ul. Hska 64,620802156
29,29,Oka,Oska,1966-10-15,51473811620,Ul. Iska 23,628660836
30,30,Tka,Oska,1942-05-02,61187529526,Ul. Hska 33,149118831
31,31,Ika,Sska,1945-06-11,51243743995,Ul. Qska 70,423378900
32,32,Gka,Eska,1994-05-26,42966824492,Ul. Mska 5,417789956
33,33,Jek,Fski,2003-06-04,61245588892,Ul. Oska 26,968309431
34,34,Eka,Uska,1943-01-28,61776691578,Ul. Uska 2,739217773
35,35,Aka,Rska,1963-04-20,42111024592,Ul. Vska 74,497362924
36,36,Qka,Wska,1976-12-16,73266680633,Ul. Sska 74,659050376
37,37,Dka,Yska,1971-07-17,72415042651,Ul. Jska 27,487884720
38,38,Fek,Wski,1964-06-21,52752360460,Ul. Sska 26,639858868
39,39,Qka,Oska,1988-09-25,84126124280,Ul. Oska 24,357684213
40,40,Fek,Nski,1996-10-07,72611603805,Ul. Vska 30,255157522
41,41,Dek,Gski,2006-01-26,73318314525,Ul. Bska 59,377619401
42,42,Qek,Bski,1942-03-18,74240920288,Ul. Iska 40,195230616
43,43,Cek,Iski,1986-02-16,54133708095,Ul. Mska 58,830318656
44,44,Cka,Lska,1940-05-14,63551844972,Ul. Wska 44,269159848
45,45,Bka,Kska,1945-05-04,43875176572,Ul. Mska 50,655759996
46,46,Tek,Hski,1993-03-28,64238001998,Ul. Uska 32,361232304
47,47,Jek,Qski,1965-10-08,43602559844,Ul. Hska 91,442171264
48,48,Cek,Fski,2005-12-09,82430831416,Ul. Oska 37,521473865
49,49,Tek,Iski,2000-05-08,81941997672,Ul. Vska 52,516054000
50,50,Gek,Lski,1983-06-06,42845471152,Ul. Vska 24,474018552
51,51,Fek,Vski,1997-06-18,83544429320,Ul. Wska 42,993730005
52,52,Tka,Xska,1963-06-23,63655510098,Ul. Kska 90,480157816
53,53,Pka,Dska,1999-11-13,43180073088,Ul. Yska 76,863556992
54,54,Oka,Tska,1985-01-23,83640344968,Ul. Lska 32,684898592
55,55,Bek,Rski,1953-12-10,63118531398,Ul. Sska 60,994128251
56,56,Hek,Sski,1996-09-20,41611835408,Ul. Mska 57,232162830
57,57,Aka,Vska,1980-01-12,41843671896,Ul. Yska 4,712535133
58,58,Rka,Kska,1964-08-11,62347651030,Ul. Hska 11,431744384
59,59,Aek,Kski,1970-11-13,81923246968,Ul. Hska 30,233654494
60,60,Xek,Xski,1996-02-11,62307909852,Ul. Hska 50,746435156
61,61,Pka,Lska,1955-11-01,71297214735,Ul. Uska 91,653879400
62,62,Tek,Nski,1959-01-17,52135678695,Ul. Oska 92,842487632
63,63,Eek,Hski,2000-03-07,72696220582,Ul. Bska 68,855351800
64,64,Cek,Fski,1964-06-22,42830625544,Ul. Dska 24,450023312
65,65,Bek,Rski,1969-10-10,72176515106,Ul. Tska 56,371023295
66,66,Uek,Nski,2003-01-24,83107714944,Ul. Kska 14,929993472
67,67,Xek,Jski,1954-04-05,71317932174,Ul. Tska 7,791918106
68,68,Yka,Yska,2007-04-27,43979630708,Ul. Bska 39,151209202
69,69,Bka,Mska,1987-01-17,54064698800,Ul. Rska 53,832627792
70,70,Wek,Iski,1969-04-13,82033040160,Ul. Bska 24,843123416
71,71,Tka,Wska,1983-02-18,53438945495,Ul. Lska 62,119805267
72,72,Sek,Yski,1981-08-11,53648979120,Ul. Uska 26,484839028
73,73,Wek,Jski,1952-05-16,81025236888,Ul. Eska 45,972739499
74,74,Cka,Iska,1950-07-01,72317870618,Ul. Hska 79,569228730
75,75,Bek,Rski,1972-11-03,52194898460,Ul. Tska 94,184114408
76,76,Kka,Oska,1944-12-03,73727066012,Ul. Gska 15,857658960
77,77,Yka,Oska,1983-08-14,43758511660,Ul. Mska 49,324643164
78,78,Fka,Gska,1956-08-17,71449268047,Ul. Bska 43,536977545
79,79,Uek,Oski,1965-10-13,82206921872,Ul. Pska 57,166909791
80,80,Gek,Xski,1970-03-25,51020684670,Ul. Sska 77,558309235
81,81,Hek,Sski,1991-03-01,73187117691,Ul. Pska 74,753221770
82,82,Mek,Xski,1996-10-20,41784780656,Ul. Oska 42,573958125
83,83,Rek,Qski,1954-01-08,61392296744,Ul. Hska 22,343661746
84,84,Vek,Kski,1987-04-02,81527734736,Ul. Sska 38,120903480
85,85,Jek,Nski,1982-03-16,73260167013,Ul. Tska 58,472871716
86,86,Oek,Wski,1944-12-17,72092134951,Ul. Dska 41,436150160
87,87,Kka,Bska,1989-05-12,82676661432,Ul. Qska 7,532349520
88,88,Aek,Qski,2006-06-28,72350725375,Ul. Xska 79,176826084
89,89,Hka,Pska,1944-09-21,41741909672,Ul. Aska 69,398026790
90,90,Rka,Gska,2000-09-28,82604837496,Ul. Fska 83,978319159
91,91,Rka,Xska,1990-12-18,63178234790,Ul. Kska 79,892238752
92,92,Oka,Dska,1988-04-19,53510472685,Ul. Wska 37,241721660
93,93,Eek,Rski,1997-12-14,64176775470,Ul. Lska 18,885665480
94,94,Xek,Vski,1956-03-08,53934798565,Ul. Wska 36,348189307
95,95,Jek,Mski,1944-04-25,53462032560,Ul. Aska 57,471380428
96,96,Mka,Tska,1958-04-19,53786763130,Ul. Rska 78,455920632
97,97,Pka,Sska,1961-06-02,82217396720,Ul. Rska 42,977658858
98,98,Gka,Nska,1957-10-12,43116123516,Ul. Oska 4,213543234
99,99,Oek,Fski,1941-06-28,54096413015,Ul. Nska 86,271607976
100,100,Jek,Dski,1969-02-06,63521773880,Ul. Lska 72,393102880
101,101,Vka,Tska,1950-03-23,71517728270,Ul. Tska 84,617503588
102,102,Yka,Wska,2000-08-21,43167729576,Ul. Tska 45,542846825
103,103,Vek,Lski,1957-06-20,82619981712,Ul. Xska 18,612857740
104,104,Nka,Iska,1959-12-12,71278047546,Ul. Eska 36,269808900
105,105,Wka,Cska,1964-03-27,74156751445,Ul. Tska 57,264910754
106,106,Mek,Oski,1962-09-24,73403306678,Ul. Eska 75,419225792
107,107,Rka,Aska,1985-04-13,84024651712,Ul. Pska 55,885038416
108,108,Mka,Eska,1952-09-20,64016057536,Ul. Uska 92,866762496
109,109,Oka,Bska,1991-02-02,51306059835,Ul. Nska 94,139523987
110,110,Fek,Vski,1993-10-11,43258723688,Ul. Aska 43,645916500
111,111,Wek,Pski,1966-02-16,82156465392,Ul. Rska 15,569753960
112,112,Vka,Qska,1983-12-18,61634047892,Ul. Bska 83,113125386
113,113,Eka,Wska,2003-05-24,42348273776,Ul. Gska 90,670694524
114,114,Yek,Sski,1974-08-22,53251113805,Ul. Wska 13,869053824
115,115,Iek,Xski,2005-11-08,64126952298,Ul. Cska 48,171803673
116,116,Dka,Iska,1998-12-21,74177922647,Ul. Pska 3,698885484
117,117,Uek,Aski,1944-10-02,52148120105,Ul. Vska 28,415607056
118,118,Vek,Bski,1943-12-04,73073403623,Ul. Lska 23,420362576
119,119,Wek,Pski,1980-04-16,82701502072,Ul. Sska 65,429327680
120,120,Yek,Iski,1953-08-25,44093762528,Ul. Mska 88,653453504
121,121,Hka,Uska,2009-01-04,81161341320,Ul. Qska 91,364663669
122,122,Wek,Vski,1994-03-17,63371574790,Ul. Bska 32,311845756
123,123,Wek,Eski,1961-04-01,51529517715,Ul. Pska 43,643825938
124,124,Wka,Iska,1958-11-28,71149967543,Ul. Rska 25,717646776
125,125,Wek,Mski,1942-08-21,83014514088,Ul. Pska 70,537631815
126,126,Uka,Iska,1957-01-08,51381645505,Ul. Bska 60,285947512
127,127,Vka,Kska,1945-11-10,61461024524,Ul. Xska 26,790424283
128,128,Aka,Yska,1967-07-23,71553601150,Ul. Iska 17,598613765
129,129,Hek,Vski,1947-08-28,82667078408,Ul. Oska 48,418043316
130,130,Rek,Tski,1960-12-05,53357090690,Ul. Pska 10,525810070
131,131,Rka,Uska,1992-04-05,53655983235,Ul. Cska 98,837081512
132,132,Rka,Oska,1951-08-05,81092609000,Ul. Rska 60,830437136
133,133,Fka,Gska,1973-11-24,61192795442,Ul. Mska 76,924199756
134,134,Vek,Qski,1994-12-26,51363148585,Ul. Nska 77,653096816
135,135,Iek,Oski,1948-01-17,43275817040,Ul. Tska 67,533626575
136,136,Lka,Mska,2008-12-12,51456849825,Ul. Fska 95,814755800
137,137,Aek,Uski,1988-01-21,81314801488,Ul. Pska 47,733395291
138,138,Lka,Mska,2005-03-04,82908852408,Ul. Kska 53,548593650
139,139,Cka,Pska,1996-04-13,43241727004,Ul. Pska 11,710270049
140,140,Vek,Eski,1998-07-25,64028464344,Ul. Lska 53,810650552
141,141,Pka,Vska,1992-04-12,83346242192,Ul. Qska 32,923070513
142,142,Ika,Iska,1943-01-04,42005526468,Ul. Mska 4,980447203
143,143,Jka,Bska,1984-02-10,62190589624,Ul. Yska 29,478827440
144,144,Oek,Iski,1991-02-15,74085253473,Ul. Yska 76,565079265
145,145,Ika,Vska,1994-01-02,51543957935,Ul. Sska 38,524263020
146,146,Hka,Iska,1995-03-05,53065299415,Ul. Kska 54,130012819
147,147,Wka,Fska,1961-01-22,52500532345,Ul. Nska 78,160815110
148,148,Dka,Pska,2004-02-04,81794663032,Ul. Cska 49,494629392
149,149,Iek,Xski,1957-08-18,63805722494,Ul. Tska 17,699117118
150,150,Mka,Nska,1980-09-10,52609402675,Ul. Tska 39,860854240
151,151,Wek,Wski,1957-07-22,72342092701,Ul. Pska 87,438097288
152,152,Vek,Hski,1943-08-26,73788237681,Ul. Pska 92,512022385
153,153,Lka,Hska,1972-05-17,82629403008,Ul. Iska 95,580013175
154,154,Pek,Sski,2000-06-03,44154855428,Ul. Cska 59,168028532
155,155,Nka,Eska,1993-07-01,81246241184,Ul. Qska 69,472824692
156,156,Vek,Nski,2002-12-14,42208927528,Ul. Yska 64,619779682
157,157,Rka,Lska,1945-11-19,42182071568,Ul. Fska 67,874113472
158,158,Qka,Eska,1970-09-04,54018826550,Ul. Gska 14,783663205
159,159,Mek,Qski,1973-02-16,42805152792,Ul. Tska 15,243828196
160,160,Bek,Gski,1968-08-24,43318102484,Ul. Iska 31,596364020
161,161,Hek,Oski,1980-07-21,83186181592,Ul. Xska 83,691826004
162,162,Lka,Uska,1975-07-06,63747568472,Ul. Xska 27,446790524
163,163,Aek,Eski,1977-05-21,61398647018,Ul. Jska 75,743277273
164,164,Pka,Oska,1952-12-12,44084720124,Ul. Fska 43,266418602
165,165,Yek,Qski,1979-03-27,81317782688,Ul. Jska 34,451806176
166,166,Lka,Uska,1970-02-26,63294403438,Ul. Cska 56,453090936
167,167,Vek,Gski,1940-12-25,52097808305,Ul. Eska 39,481615896
168,168,Vek,Wski,1941-02-17,51951755950,Ul. Bska 84,485118192
169,169,Tka,Hska,1984-06-26,52399926920,Ul. Kska 10,747952360
170,170,Yek,Jski,1982-11-19,81160326704,Ul. Qska 93,525138765
171,171,Vka,Xska,1963-03-23,51657758765,Ul. Bska 80,489974808
172,172,Aek,Pski,1952-10-10,51735526095,Ul. Lska 22,570405185
173,173,Gek,Bski,1953-09-25,61962642398,Ul. Eska 55,178723573
174,174,Qek,Wski,1981-05-06,81497829088,Ul. Uska 50,623679688
175,175,Nek,Hski,1947-08-17,42686434652,Ul. Kska 15,671379110
176,176,Iek,Pski,1999-05-24,53273525450,Ul. Bska 24,887800768
177,177,Xek,Wski,1974-09-14,51253945365,Ul. Gska 2,415777808
178,178,Wka,Lska,1972-03-15,41963288876,Ul. Mska 32,220163846
179,179,Fka,Sska,1966-10-15,62010409764,Ul. Dska 23,474997464
180,180,Tka,Eska,1960-04-08,52589219945,Ul. Aska 89,778365193
181,181,Ika,Bska,1966-02-20,44002675544,Ul. Iska 7,425365076
182,182,Uka,Eska,1993-12-13,71641555239,Ul. Nska 99,355601803
183,183,Tka,Gska,2003-10-14,52385391410,Ul. Eska 78,730469169
184,184,Nek,Bski,1952-04-11,83296722496,Ul. Uska 50,737806573
185,185,Ska,Aska,1996-03-16,73758988279,Ul. Eska 57,459941140
186,186,Gka,Qska,1982-10-17,42823629048,Ul. Kska 19,470808036
187,187,Gka,Jska,1960-02-01,71681730445,Ul. Xska 52,394526883
188,188,Qka,Nska,1980-05-11,62200958542,Ul. Rska 56,578908030
189,189,Lek,Rski,2003-01-03,61135270532,Ul. Aska 75,239063238
190,190,Fka,Xska,1950-02-15,63366266968,Ul. Fska 94,760467865
191,191,Vek,Xski,1947-12-17,82137705680,Ul. Bska 13,477610436
192,192,Rek,Vski,1953-10-09,81522085952,Ul. Nska 66,722268712
193,193,Pka,Nska,1957-04-12,61797414064,Ul. Uska 10,365931479
194,194,Xek,Bski,1945-12-19,72566007046,Ul. Aska 94,621305678
195,195,Bek,Dski,1999-02-26,73640743535,Ul. Vska 2,290133944
196,196,Bka,Jska,1991-01-24,61867351756,Ul. Uska 8,310332724
197,197,Mka,Qska,1974-03-04,41757798636,Ul. Wska 13,245016022
198,198,Cek,Vski,1968-10-11,44168001868,Ul. Pska 65,656810422
199,199,Pka,Oska,1975-01-22,53968823810,Ul. Oska 11,863915840
200,200,Xka,Rska,1974-10-14,72167807625,Ul. Jska 37,115616305
201,201,Aek,Rski,2004-02-12,42567537076,Ul. Yska 98,913925513
202,202,Wek,Bski,1992-04-15,73399981594,Ul. Nska 25,868718336
203,203,Hka,Tska,1967-01-27,72722284009,Ul. Xska 39,632029274
204,204,Eka,Iska,1952-02-12,83300571600,Ul. Lska 74,786489252
205,205,Bek,Aski,2003-05-16,73983784226,Ul. Uska 4,293023790
206,206,Bek,Aski,1948-03-12,43904989716,Ul. Nska 52,684594412
207,207,Pka,Xska,1943-02-20,42383739760,Ul. Fska 37,875992904
208,208,Pek,Tski,1955-02-25,42290023608,Ul. Nska 46,727109429
209,209,Dka,Jska,2007-04-04,83596847376,Ul. Uska 21,254825876
210,210,Dek,Yski,1987-12-19,62319544432,Ul. Sska 63,710219625
211,211,Bka,Rska,1974-06-26,53239080770,Ul. Mska 39,586686480
212,212,Dek,Eski,1983-04-20,83304160072,Ul. Eska 88,847684208
213,213,Hka,Kska,2008-07-28,83423831080,Ul. Aska 27,954886291
214,214,Dka,Fska,1979-08-08,72748516494,Ul. Vska 67,981568102
215,215,Vka,Aska,1969-11-13,71980344508,Ul. Fska 88,165819357
216,216,Iek,Qski,1946-02-16,62842735586,Ul. Hska 66,117915064
217,217,Mka,Hska,1984-05-02,63801446556,Ul. Nska 98,929374005
218,218,Pek,Lski,1996-04-27,42161729856,Ul. Pska 17,995803841
219,219,Jka,Fska,1971-08-02,63827857090,Ul. Mska 41,159302640
220,220,Mka,Cska,1986-01-17,51554827045,Ul. Eska 52,561272365
221,221,Dek,Dski,1986-11-04,44245002076,Ul. Rska 15,697103894
222,222,Qka,Dska,1975-08-12,52412626475,Ul. Sska 50,317939885
223,223,Mka,Wska,1946-09-12,72294205135,Ul. Nska 62,969629106
224,224,Jka,Uska,1969-01-03,43352665396,Ul. Sska 18,647951266
225,225,Qka,Iska,1969-09-17,71438362391,Ul. Bska 42,532870695
226,226,Fek,Vski,1973-06-28,53005547985,Ul. Mska 6,619518138
227,227,Aka,Qska,2002-01-22,51953740715,Ul. Kska 11,869476280
228,228,Eek,Mski,1997-04-16,71832670434,Ul. Gska 94,212312566
229,229,Fka,Hska,1950-09-12,44017036108,Ul. Xska 20,740221548
230,230,Fek,Sski,1971-10-25,44105360856,Ul. Iska 41,796742856
231,231,Xka,Tska,1999-11-10,42303649160,Ul. Bska 11,733097365
232,232,Bka,Kska,1958-10-28,53148056130,Ul. Uska 32,762494369
233,233,Fek,Nski,1939-09-05,41888007844,Ul. Tska 12,391167512
234,234,Ska,Wska,1939-10-16,43399846136,Ul. Jska 27,584212535
235,235,Rka,Vska,1962-10-02,81692712408,Ul. Tska 6,212864438
236,236,Fka,Rska,1975-04-22,63417731874,Ul. Tska 38,796834741
237,237,Kek,Lski,1968-04-25,51492905795,Ul. Fska 74,596593840
238,238,Qek,Vski,1949-10-02,53204949135,Ul. Eska 35,519939420
239,239,Vek,Rski,2004-06-12,81659992872,Ul. Cska 10,232664136
240,240,Aka,Eska,2005-04-10,42587628108,Ul. Wska 13,963938095
241,241,Mka,Uska,1962-10-24,82498899728,Ul. Rska 81,179418855
242,242,Xka,Dska,1951-02-26,71593023534,Ul. Hska 14,762318641
243,243,Hek,Cski,1953-05-19,81853951696,Ul. Vska 37,633473448
244,244,Uka,Wska,1958-09-12,82319831824,Ul. Pska 60,188630909
245,245,Fek,Hski,1955-11-15,41115018352,Ul. Cska 58,132411215
246,246,Ska,Sska,1949-09-20,63594627434,Ul. Kska 48,389753685
247,247,Rka,Oska,1974-04-09,61914176892,Ul. Nska 21,526070910
248,248,Vek,Qski,1939-05-01,71012437690,Ul. Cska 99,574061310
249,249,Cka,Vska,1993-02-22,83646392336,Ul. Xska 95,730302893
250,250,Kek,Vski,2007-11-17,63314977184,Ul. Aska 7,973099351
251,251,Vek,Cski,2007-01-14,53761748385,Ul. Bska 30,762984184
252,252,Nek,Mski,1956-01-03,42337720504,Ul. Hska 53,414129552
253,253,Jka,Rska,1958-12-05,41137364156,Ul. Vska 51,771543708
254,254,Cek,Oski,1965-04-24,42508339872,Ul. Tska 78,228630726
255,255,Wek,Wski,1958-06-02,51194051555,Ul. Mska 51,339244682
256,256,Qek,Rski,1939-06-20,81251556336,Ul. Nska 30,772759465
257,257,Mka,Jska,1980-12-09,43408094788,Ul. Pska 40,782915409
258,258,Bka,Cska,2001-01-01,53345015590,Ul. Yska 2,676867854
259,259,Qka,Wska,1982-12-16,72654352271,Ul. Hska 86,354411676
260,260,Xka,Vska,1950-03-16,43180602288,Ul. Sska 90,898231184
261,261,Yek,Hski,1986-03-09,51407663685,Ul. Iska 9,534800495
262,262,Jek,Uski,1950-04-22,41589761272,Ul. Eska 69,543556615
263,263,Uek,Wski,1982-07-24,61985372926,Ul. Uska 15,559647825
264,264,Tek,Uski,1968-08-25,61020599594,Ul. Cska 5,786422731
265,265,Nek,Sski,1979-08-04,62070283006,Ul. Dska 99,825141072
266,266,Uek,Mski,1992-05-28,43125428980,Ul. Wska 29,710746466
267,267,Rek,Hski,1960-07-14,72018791541,Ul. Dska 53,626801670
268,268,Gka,Bska,1947-03-20,81696648128,Ul. Aska 88,785276085
269,269,Cek,Bski,1978-03-20,81318962136,Ul. Dska 9,911569047
270,270,Hka,Rska,1965-10-21,61567011060,Ul. Cska 71,492045484
271,271,Tek,Oski,1970-03-22,82530887656,Ul. Hska 1,997087704
272,272,Cek,Vski,1988-11-16,83980687984,Ul. Yska 44,216500694
273,273,Nek,Yski,2009-08-07,83355507664,Ul. Aska 20,129613842
274,274,Lka,Oska,1982-02-18,62158619580,Ul. Wska 3,621315170
275,275,Jek,Lski,1963-08-14,51713846220,Ul. Aska 74,451249160
276,276,Qka,Vska,1964-03-28,42932532352,Ul. Eska 66,693140262
277,277,Xka,Mska,1987-06-12,51038302250,Ul. Qska 31,275664082
278,278,Yka,Aska,1969-04-08,43482096520,Ul. Hska 7,313873668
279,279,Nek,Lski,1975-04-05,81335438360,Ul. Iska 29,527946565
280,280,Tek,Vski,2000-10-11,71306219301,Ul. Cska 56,539999300
281,281,Dek,Nski,1993-02-12,42544761768,Ul. Rska 72,567246600
282,282,Rka,Xska,1964-07-16,52513527385,Ul. Pska 90,978537296
283,283,Aka,Bska,1999-01-08,62475332786,Ul. Iska 64,455517580
284,284,Hka,Oska,1943-02-21,61701533054,Ul. Jska 10,356508421
285,285,Cek,Vski,1969-12-03,62736956298,Ul. Xska 6,320693570
286,286,Lka,Eska,1963-12-13,83365686032,Ul. Gska 27,457154124
287,287,Bek,Oski,1993-09-13,61672701862,Ul. Eska 21,197521819
288,288,Fek,Xski,1946-12-02,42405817416,Ul. Tska 97,888690872
289,289,Xek,Sski,1942-03-14,44090596416,Ul. Dska 17,138302369
290,290,Wek,Dski,1958-02-27,83501301088,Ul. Lska 73,729880376
291,291,Kka,Oska,1953-03-09,63867348926,Ul. Kska 62,380266381
292,292,Sek,Aski,1997-08-08,73472810014,Ul. Gska 35,574451530
293,293,Eek,Jski,1965-12-17,41987093752,Ul. Fska 84,765460431
294,294,Gek,Eski,1961-07-16,53296310655,Ul. Eska 83,372710329
295,295,Bka,Xska,1943-10-04,42981690188,Ul. Iska 51,932419674
296,296,Bek,Bski,1995-07-11,43382000784,Ul. Iska 35,937090107
297,297,Xek,Tski,1982-06-25,83184517920,Ul. Xska 59,546037045
298,298,Kek,Kski,1986-06-13,52902763720,Ul. Qska 10,623545678
299,299,Pka,Mska,1951-11-21,72234850085,Ul. Oska 99,116922737
300,300,Qek,Wski,1951-11-19,62662138352,Ul. Bska 52,889483920
301,301,Uek,Pski,1963-01-18,72098326145,Ul. Eska 99,685517496
302,302,Tka,Iska,1995-11-16,72799337177,Ul. Tska 82,440963668
303,303,Oek,Gski,1946-06-19,52097347120,Ul. Xska 22,382470317
304,304,Qka,Rska,1943-03-22,61368013596,Ul. Sska 10,229456350
305,305,Ika,Yska,1982-12-03,53369558640,Ul. Oska 23,476494768
306,306,Hek,Hski,1957-07-25,41474975704,Ul. Mska 93,639441544
307,307,Rka,Dska,2008-01-04,61763212098,Ul. Pska 60,841019608
308,308,Hka,Jska,1956-10-12,43523292588,Ul. Jska 21,193525709
309,309,Gka,Aska,1943-01-19,52240114235,Ul. Qska 27,466450856
310,310,Wka,Dska,1980-03-03,73351908999,Ul. Fska 49,621994884
311,311,Mek,Vski,1950-11-10,61031827626,Ul. Pska 14,575417510
312,312,Hka,Bska,2002-11-09,82309861704,Ul. Vska 94,517280170
313,313,Sek,Hski,1941-10-28,81386437632,Ul. Qska 3,792979989
314,314,Iek,Lski,1973-12-15,74180015297,Ul. Mska 25,242660636
315,315,Vka,Yska,2000-01-24,62598804392,Ul. Sska 42,196108760
316,316,Kek,Sski,1990-05-24,51713603065,Ul. Cska 23,819665144
317,317,Eka,Wska,1978-04-28,61946277828,Ul. Fska 45,974482062
318,318,Lek,Bski,1959-06-06,53057923205,Ul. Bska 94,933096344
319,319,Uka,Xska,1967-08-11,81650251472,Ul. Qska 60,667494370
320,320,Vek,Bski,1982-06-04,82533920976,Ul. Aska 66,884966456
321,321,Vek,Iski,1994-10-06,41508315704,Ul. Uska 32,226511540
322,322,Rka,Lska,1964-03-13,51752521320,Ul. Aska 63,856906480
323,323,Uek,Nski,1981-04-28,72079081795,Ul. Rska 23,340464911
324,324,Xek,Wski,2009-02-21,51909072930,Ul. Iska 17,156611210
325,325,Lka,Xska,1967-08-04,62344074370,Ul. Mska 7,123113460
326,326,Eek,Dski,1970-04-18,71154809347,Ul. Xska 72,992383726
327,327,Yek,Gski,1955-01-11,83622486504,Ul. Bska 97,722568504
328,328,Nek,Qski,1974-07-01,43083850572,Ul. Tska 57,898599240
329,329,Uek,Cski,1997-03-05,63662438700,Ul. Uska 42,278658214
330,330,Ika,Pska,1980-12-26,51419925805,Ul. Bska 98,362087627
331,331,Tka,Uska,1945-10-27,62513857662,Ul. Bska 20,651688130
332,332,Eek,Eski,1949-01-13,82647440672,Ul. Pska 3,476825224
333,333,Cek,Jski,1947-06-25,74106868763,Ul. Iska 91,361133885
334,334,Yek,Xski,1985-10-07,52517917225,Ul. Tska 43,775676748
335,335,Uek,Iski,1984-05-10,42375357192,Ul. Tska 40,891188992
336,336,Lka,Lska,1963-05-08,41118226668,Ul. Yska 29,684812600
337,337,Tek,Pski,1943-08-06,61382827180,Ul. Uska 30,986625387
338,338,Cek,Lski,1955-06-22,61916964544,Ul. Dska 5,134606488
339,339,Fka,Hska,2006-06-20,62584078824,Ul. Nska 53,548890070
340,340,Bka,Hska,1943-03-09,44111013248,Ul. Oska 88,414556132
341,341,Tek,Yski,1999-03-28,82128429880,Ul. Eska 75,885241800
342,342,Cka,Dska,1941-04-16,52506132910,Ul. Aska 40,610807832
343,343,Pka,Xska,1997-01-06,73428342994,Ul. Xska 29,152622958
344,344,Ska,Sska,1944-10-28,54247288645,Ul. Oska 22,956353017
345,345,Mek,Lski,1945-09-15,42699457176,Ul. Vska 13,578608780
346,346,Dka,Sska,1948-11-22,81268022896,Ul. Uska 12,377509672
347,347,Qka,Dska,1940-12-14,61847584144,Ul. Iska 10,481917440
348,348,Pka,Pska,1941-05-07,82802820592,Ul. Xska 44,375501749
349,349,Vek,Pski,1999-02-07,43136144816,Ul. Cska 87,737947819
350,350,Rka,Eska,1960-06-03,81297282160,Ul. Aska 28,947345729
351,351,Ska,Jska,1996-07-04,63961799972,Ul. Dska 11,723140971
352,352,Sek,Uski,1986-03-10,72269376132,Ul. Tska 29,790315348
353,353,Nka,Eska,1947-11-28,51875630540,Ul. Gska 99,966303680
354,354,Jek,Nski,1941-02-03,41292230912,Ul. Dska 62,985004921
355,355,Iek,Aski,1973-09-25,41968123328,Ul. Oska 2,843533896
356,356,Gka,Jska,1952-02-26,82604957664,Ul. Sska 72,615628796
357,357,Kek,Hski,1947-12-28,43982600092,Ul. Aska 77,450705848
358,358,Dka,Jska,2000-05-04,41840199636,Ul. Aska 67,697510580
359,359,Bka,Uska,1970-11-19,43875809384,Ul. Mska 82,482103140
360,360,Mka,Cska,1963-01-08,71169058501,Ul. Fska 53,260463264
361,361,Cka,Rska,1986-03-02,43575126224,Ul. Yska 46,867055392
362,362,Xka,Bska,1952-11-15,62280161610,Ul. Rska 73,931334441
363,363,Sek,Lski,2003-05-22,61390082370,Ul. Qska 34,616449050
364,364,Aek,Rski,1952-03-16,62899716310,Ul. Eska 69,411841928
365,365,Iek,Fski,2003-10-15,42704014860,Ul. Yska 76,322206384
366,366,Aek,Uski,1969-10-26,61253945248,Ul. Sska 74,796016345
367,367,Kek,Nski,1975-07-12,53742861440,Ul. Yska 69,426386412
368,368,Pek,Yski,1944-04-23,51407229425,Ul. Pska 71,573336360
369,369,Uka,Kska,1974-03-28,41152290928,Ul. Aska 24,971198289
370,370,Bek,Lski,1962-01-26,44220293376,Ul. Sska 3,985884402
371,371,Nka,Nska,1994-03-06,43120435012,Ul. Pska 63,528642255
372,372,Cka,Eska,1955-09-10,43076426488,Ul. Nska 80,289327258
373,373,Tek,Iski,1996-08-24,83026129496,Ul. Kska 58,413656440
374,374,Vka,Bska,2005-06-08,51885894245,Ul. Qska 87,521540910
375,375,Pek,Fski,1988-11-15,42759005312,Ul. Uska 77,490605728
376,376,Jka,Sska,1948-03-02,62427443910,Ul. Aska 93,198801503
377,377,Dek,Aski,1995-07-24,44096470092,Ul. Lska 75,146610195
378,378,Dek,Mski,1960-07-02,61476331692,Ul. Tska 8,223833500
379,379,Rka,Jska,1979-02-27,52851979315,Ul. Tska 62,771548951
380,380,Wka,Jska,1979-07-26,83759419296,Ul. Xska 73,238809544
381,381,Lek,Gski,1956-04-12,52486215850,Ul. Xska 1,140600817
382,382,Pek,Oski,1956-02-04,62710659370,Ul. Fska 26,999390990
383,383,Iek,Uski,1997-12-10,83250556200,Ul. Qska 61,820928912
384,384,Yek,Nski,1955-04-21,43884355964,Ul. Fska 32,793922631
385,385,Jka,Mska,1978-08-21,73215171087,Ul. Kska 80,988487533
386,386,Gka,Cska,1979-02-26,83676017424,Ul. Jska 13,422184228
387,387,Aka,Jska,1999-05-28,73297700562,Ul. Hska 81,752358137
388,388,Jka,Bska,1988-10-07,41483215320,Ul. Xska 92,129829010
389,389,Sek,Eski,1986-03-11,43491792492,Ul. Pska 54,676352026
390,390,Cek,Gski,1984-08-15,63835979772,Ul. Tska 56,412262412
391,391,Oek,Qski,1955-05-14,82071191632,Ul. Rska 81,665118824
392,392,Wka,Dska,2007-04-02,63595991704,Ul. Yska 55,487010684
393,393,Mka,Xska,1966-11-22,81354148192,Ul. Eska 23,425833608
394,394,Yka,Qska,1999-08-09,84171397264,Ul. Aska 64,850215272
395,395,Pek,Sski,1997-06-04,82313014592,Ul. Jska 13,390001482
396,396,Ska,Uska,1994-07-08,73029231432,Ul. Eska 25,141318355
397,397,Iek,Yski,1943-05-28,81442260800,Ul. Vska 98,354846632
398,398,Lek,Rski,1999-07-26,51176940240,Ul. Oska 50,440948952
399,399,Gka,Oska,1969-12-23,71661860391,Ul. Jska 74,796808295
400,400,Xek,Iski,2009-04-25,82049161760,Ul. Uska 57,313685863
401,401,Uka,Kska,1965-10-11,51519213900,Ul. Nska 45,240147002
402,402,Bka,Tska,1950-02-23,54205704940,Ul. Sska 3,820987704
403,403,Qek,Dski,1999-06-22,83954928736,Ul. Tska 48,662917708
404,404,Xek,Oski,1960-04-11,43715792148,Ul. Dska 62,462202500
405,405,Qek,Eski,2003-04-06,52341650970,Ul. Fska 5,522642965
406,406,Yek,Fski,1957-10-09,54070237920,Ul. Qska 52,424450992
407,407,Eek,Lski,1988-12-20,61449494196,Ul. Oska 10,289103656
408,408,Mka,Vska,1941-08-21,43627679052,Ul. Pska 19,285258140
409,409,Qek,Gski,1990-08-23,71551828609,Ul. Wska 15,521387405
410,410,Fek,Vski,1958-04-25,81036032416,Ul. Tska 15,847138624
411,411,Xka,Aska,1977-07-18,43327137032,Ul. Nska 47,815739336
412,412,Jka,Qska,1947-01-01,61735448578,Ul. Cska 62,845107456
413,413,Yek,Aski,1967-05-19,81090743768,Ul. Qska 4,151529308
414,414,Bka,Gska,1958-08-26,63733664556,Ul. Jska 36,483907072
415,415,Fka,Hska,1977-05-19,62351719632,Ul. Lska 51,481689632
416,416,Yka,Jska,1968-07-12,41458621836,Ul. Pska 68,487909624
417,417,Eka,Iska,1964-12-23,51910517825,Ul. Xska 86,574792760
418,418,Qek,Gski,1967-12-04,52266574205,Ul. Nska 5,665745416
419,419,Lek,Bski,1965-04-09,84192524064,Ul. Eska 98,469014060
420,420,Yka,Cska,2007-12-12,72659451366,Ul. Qska 15,669808978
421,421,Nka,Aska,1968-09-28,52375119025,Ul. Vska 42,825975720
422,422,Cka,Dska,1942-08-25,63986662792,Ul. Yska 74,586168295
423,423,Ika,Bska,1963-09-27,61453109582,Ul. Oska 24,477208900
424,424,Yek,Xski,1952-04-13,61577648836,Ul. Tska 44,294431548
425,425,Kka,Jska,2002-10-21,83623646240,Ul. Kska 70,858804056
426,426,Eka,Rska,1993-02-23,74143059766,Ul. Uska 51,877577744
427,427,Eka,Cska,1950-07-28,63817232192,Ul. Bska 77,831551640
428,428,Vka,Aska,1979-04-07,71006965088,Ul. Dska 97,777073997
429,429,Yka,Wska,1981-08-18,82234664712,Ul. Oska 49,663058500
430,430,Qka,Uska,1969-09-10,52818222830,Ul. Mska 92,310841190
431,431,Xek,Rski,2003-08-01,73063653291,Ul. Rska 73,799796679
432,432,Mek,Dski,1950-05-28,61219898142,Ul. Kska 57,813503952
433,433,Kka,Lska,1993-04-09,42964014320,Ul. Nska 78,158323039
434,434,Rka,Dska,1941-08-03,62609522884,Ul. Qska 72,982367176
435,435,Yek,Aski,1951-01-01,44031452940,Ul. Wska 17,616159138
436,436,Tek,Lski,1990-09-05,41132911316,Ul. Cska 47,739602114
437,437,Cek,Gski,1967-08-14,42398026384,Ul. Tska 96,330626241
438,438,Jek,Wski,1983-07-21,43446398260,Ul. Hska 43,261117646
439,439,Cka,Hska,1972-08-02,83563380824,Ul. Fska 30,520194850
440,440,Bka,Wska,1973-11-20,73157003082,Ul. Qska 54,710664178
441,441,Lek,Dski,1991-05-16,62508977010,Ul. Vska 6,398762199
442,442,Fek,Sski,1977-06-05,81092156280,Ul. Bska 87,377601629
443,443,Kek,Qski,1987-12-11,62626881600,Ul. Oska 60,962555467
444,444,Oka,Xska,1958-09-09,62074717280,Ul. Gska 13,988708557
445,445,Nek,Lski,1992-06-25,41682406636,Ul. Aska 63,273414906
446,446,Tek,Bski,1952-07-24,72439514574,Ul. Gska 55,837214696
447,447,Xka,Vska,1998-09-06,82462118128,Ul. Pska 72,928303177
448,448,Nka,Lska,1983-03-11,53818077120,Ul. Bska 84,398331665
449,449,Gek,Eski,1979-04-04,82537922472,Ul. Hska 81,199405882
450,450,Dka,Dska,1953-03-23,61896362588,Ul. Rska 81,333595964
451,451,Aek,Aski,1974-06-05,51138705460,Ul. Iska 34,620148044
452,452,Kek,Tski,1994-11-14,72056850241,Ul. Kska 28,487489580
453,453,Wek,Tski,1970-02-03,73775581473,Ul. Cska 96,597259210
454,454,Eek,Bski,1982-01-01,64052374936,Ul. Iska 5,763014984
455,455,Qek,Uski,1966-05-15,43628541552,Ul. Vska 85,962664664
456,456,Jka,Iska,1946-09-05,51072217650,Ul. Yska 52,250430154
457,457,Uek,Rski,1970-12-17,42261768240,Ul. Fska 36,974464538
458,458,Aka,Kska,1956-05-09,84160343488,Ul. Hska 62,336161449
459,459,Oek,Iski,1980-08-06,72798708976,Ul. Xska 1,519439090
460,460,Oek,Gski,1940-03-23,82996002032,Ul. Sska 63,385674100
461,461,Jka,Vska,1996-02-11,72079974720,Ul. Dska 73,959323866
462,462,Mka,Qska,2001-05-26,61793652032,Ul. Jska 76,250758036
463,463,Vka,Xska,1949-08-13,43410696852,Ul. Vska 28,963285499
464,464,Bka,Jska,1999-12-08,82011021048,Ul. Iska 88,854928992
465,465,Iek,Iski,1981-01-21,61051022866,Ul. Iska 61,582094720
466,466,Wek,Rski,1977-11-04,41806004500,Ul. Gska 29,524410110
467,467,Eek,Bski,1983-11-06,73932541470,Ul. Oska 27,560611275
468,468,Xek,Gski,1943-07-15,51900702115,Ul. Nska 97,272743110
469,469,Oka,Wska,1961-11-04,43879858328,Ul. Yska 65,544730130
470,470,Yek,Pski,2008-09-15,42593722876,Ul. Kska 24,681236260
471,471,Sek,Mski,1970-12-27,71696179277,Ul. Kska 90,933002043
472,472,Qka,Bska,2006-07-15,61239312924,Ul. Uska 8,315235943
473,473,Lek,Oski,1969-08-12,52941903470,Ul. Vska 72,233301374
474,474,Uek,Aski,2001-10-01,81152132128,Ul. Uska 32,211122260
475,475,Rek,Vski,1939-08-22,51742959485,Ul. Rska 48,520119940
476,476,Cka,Gska,1961-10-05,81929515472,Ul. Jska 75,671885308
477,477,Dek,Uski,2009-02-25,52079022190,Ul. Yska 99,538081705
478,478,Pka,Jska,1985-11-14,81817364320,Ul. Hska 32,549987075
479,479,Hek,Bski,1994-04-15,73140320785,Ul. Hska 64,225414968
480,480,Cka,Kska,1979-12-02,41765699516,Ul. Pska 74,780284359
481,481,Ska,Fska,2007-06-16,81481658776,Ul. Nska 75,574802125
482,482,Ika,Uska,1972-10-07,62481827050,Ul. Mska 34,933048472
483,483,Pka,Wska,1968-04-15,82091936864,Ul. Tska 23,887440920
484,484,Dek,Aski,1983-04-04,83790368424,Ul. Yska 69,453304116
485,485,Gka,Fska,1948-02-13,52643007520,Ul. Qska 24,120130717
486,486,Mka,Yska,1986-08-12,44154629540,Ul. Gska 86,611717718
487,487,Aek,Kski,1981-12-01,62011511108,Ul. Bska 94,273462692
488,488,Jka,Eska,1945-03-24,43123073852,Ul. Wska 64,931154997
489,489,Jek,Vski,2008-05-20,83892864144,Ul. Iska 24,132613155
490,490,Dka,Mska,1971-09-19,51272551455,Ul. Iska 76,280443192
491,491,Bek,Lski,1973-03-07,81068449048,Ul. Nska 2,429610912
492,492,Ska,Iska,1962-02-19,63690886280,Ul. Eska 47,231932780
493,493,Pka,Rska,1959-12-14,72891747525,Ul. Wska 62,774033875
494,494,Nka,Uska,1950-10-22,71911369783,Ul. Eska 22,581355790
495,495,Jek,Aski,1950-03-15,43080614460,Ul. Wska 53,617770122
496,496,Mka,Sska,1947-04-23,82598345808,Ul. Tska 23,128607357
497,497,Vka,Vska,1977-01-04,52814061885,Ul. Fska 80,549221195
498,498,Vka,Dska,1939-08-22,82531004584,Ul. Eska 38,789919744
499,499,Pka,Vska,1956-12-05,62601940562,Ul. Xska 90,960931301
500,500,Ska,Qska,1991-10-05,61123099756,Ul. Fska 28,314472384
501,501,Uek,Cski,1962-05-13,62557123156,Ul. Gska 89,873481888
502,502,Mka,Gska,1975-12-12,42452671292,Ul. Kska 2,419826244
503,503,Dka,Mska,1959-06-13,43188490028,Ul. Hska 94,846323376
504,504,Oka,Sska,1986-04-23,53014022400,Ul. Oska 35,894344776
505,505,Sek,Wski,1981-11-22,63740639072,Ul. Gska 90,811159992
506,506,Mek,Qski,1998-06-10,62361410358,Ul. Rska 99,631571430
507,507,Eek,Lski,1990-03-28,53305790025,Ul. Fska 6,173324190
508,508,Tek,Iski,1963-08-09,43367101780,Ul. Mska 49,658895658
509,509,Aka,Oska,1977-01-23,71736372144,Ul. Pska 79,375467110
510,510,Nka,Oska,2008-01-09,53217323935,Ul. Tska 65,268440570
511,511,Qka,Rska,1957-03-10,52305961675,Ul. Wska 17,675716508
512,512,Mek,Dski,1981-03-14,54127255995,Ul. Wska 83,459728088
513,513,Lek,Lski,1942-08-21,73317043059,Ul. Eska 31,691420394
514,514,Aek,Aski,2003-04-18,72301611678,Ul. Qska 5,898786208
515,515,Gka,Iska,1943-01-19,73538362113,Ul. Pska 48,591165190
516,516,Uek,Yski,1958-05-02,43783220436,Ul. Uska 28,682878596
517,517,Aek,Bski,1983-02-24,42120140800,Ul. Qska 78,899130544
518,518,Wek,Rski,1958-12-11,62776800722,Ul. Mska 2,789998210
519,519,Kka,Sska,1941-03-25,61485263378,Ul. Xska 31,590705430
520,520,Qek,Fski,1951-07-04,73858253475,Ul. Aska 10,940382269
521,521,Kka,Uska,1988-02-09,83672043424,Ul. Uska 78,775620573
522,522,Ska,Dska,1962-02-18,43998299852,Ul. Gska 23,980651497
523,523,Oka,Hska,1972-10-14,52076406525,Ul. Eska 53,976951408
524,524,Hek,Pski,2002-03-11,72701251856,Ul. Eska 25,499692828
525,525,Bek,Rski,1997-12-15,41668102708,Ul. Pska 63,513563150
526,526,Vka,Cska,1979-12-07,42064115608,Ul. Uska 4,594347950
527,527,Cek,Mski,1948-05-08,44089303508,Ul. Qska 17,128617901
528,528,Gek,Dski,1954-05-15,52796356055,Ul. Fska 79,343643977
529,529,Mka,Bska,2007-04-04,83818187960,Ul. Qska 74,243142200
530,530,Wka,Jska,2009-10-15,63882346988,Ul. Rska 17,116005143
531,531,Hka,Rska,1965-05-14,43898821664,Ul. Qska 62,962649526
532,532,Oka,Vska,1963-10-27,82096126896,Ul. Yska 1,179316918
533,533,Xek,Qski,1974-02-15,82391131088,Ul. Eska 2,917192997
534,534,Oka,Gska,1983-12-10,62325940818,Ul. Jska 38,680073472
535,535,Rek,Nski,2001-04-19,83912610608,Ul. Bska 93,713037837
536,536,Uka,Eska,1947-06-03,82151175576,Ul. Eska 45,198031629
537,537,Pka,Bska,2000-06-18,54156299925,Ul. Uska 84,172626638
538,538,Nek,Hski,1985-09-27,84227419616,Ul. Kska 95,250829672
539,539,Bka,Fska,1969-09-16,71753853907,Ul. Yska 81,246258982
540,540,Eka,Hska,1949-08-25,43539211128,Ul. Eska 86,962377157
541,541,Mek,Bski,1980-03-07,41748808232,Ul. Nska 21,727158282
542,542,Wka,Jska,1996-08-03,63074705772,Ul. Wska 2,977502808
543,543,Tek,Iski,1964-05-28,62794404530,Ul. Jska 69,636668918
544,544,Dek,Sski,1967-06-14,71705607632,Ul. Pska 5,828610144
545,545,Fka,Dska,1945-01-21,81151680176,Ul. Vska 59,424829612
546,546,Pka,Yska,1969-06-10,61272283580,Ul. Iska 83,831242592
547,547,Fka,Cska,1950-09-18,83602839728,Ul. Cska 45,712868068
548,548,Kek,Xski,1989-08-20,62873940868,Ul. Xska 43,356353781
549,549,Aek,Aski,1993-09-02,53711026880,Ul. Qska 67,163321061
550,550,Oka,Vska,1951-09-23,63317168892,Ul. Uska 86,596600680
551,551,Fek,Fski,1972-12-15,62018021506,Ul. Qska 18,139616380
552,552,Lek,Hski,1992-12-04,51043976945,Ul. Wska 72,364777367
553,553,Bek,Tski,1944-10-08,51669459545,Ul. Cska 4,136609328
554,554,Kka,Iska,2007-01-16,82833455136,Ul. Sska 81,484405416
555,555,Bka,Gska,1970-08-11,41079827016,Ul. Oska 76,284129828
556,556,Bka,Vska,1970-02-11,51275099665,Ul. Gska 23,373402403
557,557,Hek,Jski,2009-08-23,83599937304,Ul. Wska 64,615041582
558,558,Jka,Kska,1942-07-11,62783000608,Ul. Lska 44,326608721
559,559,Ska,Mska,1943-06-07,43537518684,Ul. Fska 33,489526712
560,560,Aka,Iska,1988-11-03,74057573507,Ul. Xska 28,280364756
561,561,Aka,Mska,1941-11-19,61266036584,Ul. Kska 29,738808481
562,562,Eek,Kski,1964-05-01,43318822212,Ul. Mska 32,662478390
563,563,Iek,Tski,1978-05-22,63490783744,Ul. Tska 54,393331704
564,564,Uek,Tski,1993-03-09,43200504688,Ul. Wska 30,230550406
565,565,Lek,Vski,1976-11-21,62428116398,Ul. Yska 81,264933310
566,566,Yek,Hski,2008-02-24,73154215435,Ul. Hska 43,186724684
567,567,Lek,Bski,2006-10-06,81378507616,Ul. Dska 89,911355898
568,568,Pek,Lski,1939-02-23,83790358040,Ul. Rska 92,195102717
569,569,Tka,Rska,1943-03-04,41801357704,Ul. Jska 26,327753166
570,570,Wek,Vski,1997-08-07,41341968368,Ul. Xska 73,236231016
571,571,Rka,Oska,1997-11-18,42994481504,Ul. Xska 70,287426916
572,572,Cek,Uski,1959-09-26,51236262315,Ul. Qska 89,493185932
573,573,Dka,Yska,1978-08-10,41572623692,Ul. Dska 93,423124580
574,574,Eka,Jska,1939-04-10,52740107960,Ul. Qska 39,776329946
575,575,Gka,Jska,2006-10-24,82525797160,Ul. Rska 13,774565149
576,576,Uka,Kska,2000-03-18,53326637770,Ul. Gska 85,266248230
577,577,Pka,Yska,1985-02-15,42838510652,Ul. Sska 23,438792472
578,578,Oek,Sski,1959-02-02,54226006075,Ul. Cska 13,245140794
579,579,Eek,Mski,1984-04-10,52048359320,Ul. Uska 96,569128015
580,580,Sek,Vski,1987-04-19,63539350960,Ul. Hska 4,169323985
581,581,Wek,Bski,1987-03-18,84004246360,Ul. Sska 46,437761772
582,582,Oek,Tski,2008-07-23,74259104442,Ul. Nska 28,882697192
583,583,Eek,Kski,2008-05-23,51939060795,Ul. Bska 36,197929709
584,584,Yek,Gski,1968-03-12,73915516963,Ul. Bska 82,255263754
585,585,Uek,Eski,1962-09-02,52871021165,Ul. Yska 44,994343812
586,586,Kek,Hski,1993-01-08,43019500684,Ul. Dska 81,184621168
587,587,Xka,Kska,1974-01-02,41528691324,Ul. Uska 43,612972564
588,588,Fek,Sski,1966-09-28,42298723600,Ul. Cska 17,863456056
589,589,Eka,Xska,1942-07-25,72408673425,Ul. Lska 11,737725078
590,590,Dka,Gska,1998-08-01,72960947488,Ul. Cska 16,133900547
591,591,Hek,Xski,1987-11-20,43441511276,Ul. Wska 64,185527361
592,592,Gka,Mska,1997-03-03,82920117600,Ul. Sska 88,567991040
593,593,Yka,Yska,1948-09-08,73829985176,Ul. Qska 80,998462352
594,594,Iek,Kski,1951-09-03,53215380385,Ul. Pska 98,756811848
595,595,Xek,Jski,1946-04-23,61959696264,Ul. Sska 23,772505539
596,596,Mka,Oska,1986-02-12,51178823730,Ul. Tska 79,599025565
597,597,Gka,Nska,2004-03-24,83353458624,Ul. Yska 59,543401960
598,598,Vek,Aski,1975-09-22,84240099648,Ul. Hska 78,463249648
599,599,Dek,Iski,1964-10-24,41288937684,Ul. Qska 36,984360892
600,600,Oek,Tski,1959-11-19,41601482592,Ul. Fska 87,462246904
601,601,Oka,Lska,1991-04-05,72480986086,Ul. Gska 43,597233790
602,602,Cek,Xski,1951-05-09,43042827316,Ul. Pska 37,163425888
603,603,Kek,Nski,2004-11-22,61465857620,Ul. Tska 19,641089480
604,604,Kka,Gska,1945-03-06,63440892972,Ul. Gska 8,116902129
605,605,Lek,Iski,1982-05-27,62302020130,Ul. Uska 15,285162754
606,606,Yka,Kska,1949-01-18,71925068446,Ul. Oska 25,566249085
607,607,Iek,Mski,1980-02-14,51058434935,Ul. Eska 87,710642912
608,608,Yka,Gska,1985-05-02,43070385976,Ul. Aska 18,421396868
609,609,Mek,Uski,2008-05-19,71484525986,Ul. Xska 34,799281377
610,610,Vka,Bska,2002-11-18,71249291518,Ul. Yska 84,631078956
611,611,Jek,Mski,1953-11-25,63553650654,Ul. Pska 36,998847437
612,612,Jek,Nski,1952-06-22,73340870021,Ul. Mska 47,475729036
613,613,Uka,Rska,1955-05-09,61227056238,Ul. Fska 19,895252888
614,614,Wek,Dski,2005-11-23,62446904656,Ul. Fska 59,196819031
615,615,Bka,Uska,1998-01-06,71216501346,Ul. Nska 13,484497596
616,616,Yka,Eska,1939-10-04,73685791513,Ul. Jska 26,451120632
617,617,Fka,Uska,2003-08-13,84070404448,Ul. Fska 5,528756270
618,618,Xka,Bska,2000-10-07,51606315215,Ul. Bska 99,676328604
619,619,Aek,Nski,1943-10-07,61957091188,Ul. Xska 72,155928164
620,620,Qka,Tska,1970-10-05,83743322936,Ul. Pska 34,554511025
621,621,Bka,Nska,1946-09-01,53284418035,Ul. Gska 96,322049527
622,622,Ska,Tska,1968-10-14,63129194686,Ul. Hska 42,416133344
623,623,Aek,Vski,2007-03-15,44178635980,Ul. Hska 28,283829212
624,624,Uek,Aski,1985-12-07,64113029736,Ul. Nska 29,923705903
625,625,Wek,Nski,1971-10-15,52159550375,Ul. Qska 16,390933288
626,626,Oek,Bski,1956-07-26,41030904888,Ul. Xska 84,661292754
627,627,Nek,Lski,1949-10-20,71526882854,Ul. Qska 79,480829520
628,628,Ika,Fska,2000-02-19,84242177008,Ul. Cska 63,831073280
629,629,Iek,Qski,1967-02-26,64213062838,Ul. Wska 17,488166460
630,630,Jek,Dski,2003-09-16,73247198455,Ul. Mska 54,587810080
631,631,Lek,Mski,1994-10-07,51154316925,Ul. Uska 36,960435872
632,632,Jka,Nska,1988-05-23,44000868236,Ul. Tska 86,247908124
633,633,Pka,Xska,1994-04-24,53807798405,Ul. Iska 8,217047262
634,634,Bka,Tska,1985-06-02,63921891992,Ul. Aska 43,299517584
635,635,Lka,Xska,1974-12-05,43075148032,Ul. Yska 23,918921895
636,636,Kka,Bska,1982-10-03,82389698904,Ul. Aska 42,798088585
637,637,Nek,Pski,1990-01-26,43393142700,Ul. Cska 51,636305936
638,638,Yek,Yski,1982-11-17,71980563198,Ul. Wska 59,166325409
639,639,Xka,Qska,1986-09-11,82865775016,Ul. Cska 81,964038934
640,640,Ska,Vska,1953-01-15,53208809015,Ul. Uska 48,563344240
641,641,Xka,Tska,1981-04-09,71665653123,Ul. Gska 54,826173832
642,642,Qek,Jski,2006-09-23,63727517100,Ul. Gska 40,623753138
643,643,Nka,Yska,1959-09-22,51328056345,Ul. Aska 48,211340578
644,644,Tek,Eski,2009-12-17,61478612048,Ul. Eska 60,127210686
645,645,Pka,Uska,1978-06-18,61798615852,Ul. Mska 43,353207683
646,646,Nek,Sski,1947-12-16,62918026778,Ul. Mska 67,883549008
647,647,Dka,Oska,1943-08-03,51456786600,Ul. Iska 23,533364660
648,648,Hka,Yska,1946-11-17,83036259416,Ul. Iska 31,393320997
649,649,Dka,Mska,1979-09-15,43699098460,Ul. Oska 30,335103093
650,650,Oek,Tski,1987-09-02,83835432512,Ul. Fska 67,735816503
651,651,Dek,Qski,1959-09-23,42537845764,Ul. Yska 37,264524234
652,652,Fek,Wski,1976-12-26,61941778504,Ul. Dska 49,130219231
653,653,Nka,Dska,1969-11-23,83226049648,Ul. Qska 64,817734328
654,654,Nka,Nska,1978-09-15,82180391520,Ul. Oska 94,838925712
655,655,Qka,Xska,1982-02-13,71211597778,Ul. Yska 88,476171032
656,656,Mka,Fska,2004-02-04,64174289244,Ul. Lska 72,473114072
657,657,Hek,Bski,1999-11-01,61650010814,Ul. Jska 72,325756778
658,658,Mka,Gska,1951-09-04,72416745803,Ul. Hska 8,610455746
659,659,Aka,Gska,2008-04-14,82774284960,Ul. Jska 80,774208955
660,660,Iek,Pski,1975-11-06,62579291410,Ul. Hska 43,921471054
661,661,Jka,Oska,1940-04-17,72415237634,Ul. Dska 83,762917467
662,662,Bka,Cska,1945-07-27,62755039356,Ul. Gska 28,493879200
663,663,Nek,Iski,1985-01-06,73400007415,Ul. Bska 40,736107578
664,664,Xek,Yski,1953-12-20,81382218136,Ul. Qska 94,312521165
665,665,Ska,Jska,1993-03-05,71756283897,Ul. Iska 45,228332622
666,666,Qka,Sska,1980-09-16,63486547690,Ul. Yska 92,293317912
667,667,Vka,Uska,1943-03-18,42260953456,Ul. Gska 29,745007835
668,668,Eka,Oska,1986-03-05,61788162808,Ul. Cska 44,658803102
669,669,Vek,Kski,1978-08-12,62663566902,Ul. Lska 23,724893100
670,670,Uka,Qska,1975-03-25,42617921212,Ul. Nska 87,778450164
671,671,Nek,Fski,1959-04-01,54229526645,Ul. Dska 37,992767175
672,672,Xek,Lski,1984-02-12,71098555687,Ul. Jska 70,457037724
673,673,Vka,Xska,1997-02-10,43042826444,Ul. Qska 94,192323443
674,674,Xka,Nska,1971-12-11,61747134842,Ul. Sska 70,540217765
675,675,Fek,Fski,1945-06-22,63327059600,Ul. Jska 65,342232424
676,676,Hek,Tski,1981-12-08,82067970312,Ul. Pska 85,521445600
677,677,Xek,Nski,1973-10-09,73946429633,Ul. Uska 23,691809260
678,678,Lek,Mski,1961-10-25,82516930808,Ul. Kska 85,791555496
679,679,Fek,Vski,1973-03-02,62627853262,Ul. Lska 96,386972516
680,680,Hek,Qski,1944-01-22,83009804920,Ul. Xska 81,878445504
681,681,Hka,Jska,1989-06-24,41827928260,Ul. Tska 22,720400634
682,682,Pka,Fska,1998-09-10,73479259094,Ul. Wska 63,147504275
683,683,Cek,Fski,1974-12-21,61805536560,Ul. Jska 59,772093424
684,684,Cek,Oski,1997-07-28,41418896440,Ul. Fska 88,128926234
685,685,Tek,Xski,1947-08-08,44146569588,Ul. Jska 7,718567825
686,686,Dek,Bski,1953-09-17,63922663546,Ul. Gska 97,275657006
687,687,Fka,Cska,1949-08-04,61471199000,Ul. Aska 61,439516960
688,688,Jek,Kski,1954-09-05,81279806944,Ul. Lska 85,690301854
689,689,Yka,Yska,2007-06-09,42781191804,Ul. Aska 38,721064101
690,690,Yka,Aska,1960-05-15,81555160392,Ul. Uska 32,956929214
691,691,Bka,Aska,1983-01-15,61369407302,Ul. Nska 35,143432409
692,692,Eek,Gski,1973-02-14,81124636912,Ul. Cska 33,733000779
693,693,Bek,Bski,2007-02-28,53559552335,Ul. Gska 41,666395760
694,694,Gka,Sska,1953-09-26,43704196868,Ul. Aska 13,785971043
695,695,Aka,Bska,1983-11-10,42259708880,Ul. Uska 52,289021692
696,696,Eek,Vski,1940-05-01,82161487488,Ul. Hska 71,594558245
697,697,Eka,Wska,1939-02-16,73769437667,Ul. Xska 29,163514684
698,698,Eek,Sski,1971-10-14,72881902191,Ul. Hska 42,948997685
699,699,Wek,Pski,1998-10-13,71653718748,Ul. Oska 34,314630495
700,700,Bka,Aska,1962-08-26,73703876869,Ul. Eska 15,337083580
701,701,Sek,Pski,1974-10-27,52845727835,Ul. Eska 97,854239840
702,702,Yek,Oski,1954-12-17,61911281222,Ul. Tska 9,111231964
703,703,Sek,Lski,1994-06-26,43069746836,Ul. Fska 43,382718027
704,704,Xka,Vska,2000-08-21,52288500920,Ul. Jska 30,265716478
705,705,Lek,Mski,1982-08-05,43638435428,Ul. Sska 19,764929610
706,706,Fek,Fski,1946-01-16,63417048342,Ul. Mska 19,141923594
707,707,Uek,Bski,1980-11-04,52759963355,Ul. Lska 72,411537924
708,708,Gka,Oska,1955-01-04,41031786320,Ul. Bska 7,263256534
709,709,Yek,Xski,1952-05-26,54258941330,Ul. Qska 16,711726488
710,710,Yka,Lska,1945-01-14,73003681739,Ul. Dska 3,328429349
711,711,Ika,Fska,1982-09-12,53059332470,Ul. Dska 12,325615183
712,712,Vka,Fska,1939-12-11,43011861268,Ul. Uska 12,463288228
713,713,Bek,Mski,1944-06-10,83442535280,Ul. Pska 30,336003465
714,714,Pka,Tska,1991-05-10,62503103228,Ul. Bska 16,114710786
715,715,Xek,Aski,1964-07-17,73209478407,Ul. Tska 9,372371103
716,716,Xka,Fska,1994-11-05,51784274450,Ul. Mska 27,433812052
717,717,Mka,Kska,2003-08-06,63044916748,Ul. Jska 68,736788571
718,718,Rek,Fski,1947-07-11,73971995788,Ul. Eska 23,381810131
719,719,Yka,Dska,1994-06-02,73696780899,Ul. Sska 11,192423396
720,720,Mka,Eska,1959-10-06,61797436048,Ul. Iska 89,921028348
721,721,Vek,Rski,1957-01-11,61118153024,Ul. Oska 47,969511565
722,722,Xek,Mski,1951-11-22,64097355718,Ul. Aska 76,928446782
723,723,Pka,Fska,2007-05-17,51171366050,Ul. Hska 4,834625848
724,724,Pek,Sski,1970-10-18,83174179624,Ul. Iska 97,880333824
725,725,Oek,Dski,1955-11-04,51777839390,Ul. Sska 21,215351220
726,726,Rka,Oska,1953-05-05,52120325985,Ul. Eska 68,334196402
727,727,Yek,Cski,1946-12-21,73435933070,Ul. Qska 27,366569675
728,728,Ska,Bska,1948-07-10,63285421468,Ul. Jska 24,674141196
729,729,Pka,Hska,1946-04-10,82545097936,Ul. Jska 84,794125792
730,730,Nka,Xska,1940-07-12,51615713715,Ul. Bska 93,458208072
731,731,Vek,Bski,1967-11-10,52245129075,Ul. Lska 83,295063312
732,732,Cka,Yska,2004-03-08,52011618135,Ul. Wska 5,824874968
733,733,Kek,Iski,1996-12-01,81757675176,Ul. Qska 92,492651908
734,734,Tka,Yska,1997-10-25,42849295552,Ul. Dska 70,329965424
735,735,Bka,Mska,1994-03-17,52221644980,Ul. Rska 41,635345002
736,736,Eek,Yski,1977-07-26,84135635144,Ul. Hska 21,744027482
737,737,Wek,Fski,1994-04-18,83113496008,Ul. Bska 37,952517640
738,738,Dek,Fski,1995-11-14,52100360485,Ul. Lska 75,629453664
739,739,Uka,Eska,1968-10-16,71028680159,Ul. Oska 4,580751775
740,740,Kka,Jska,1968-04-08,82485521832,Ul. Nska 67,770137746
741,741,Bek,Jski,1973-07-13,74240236731,Ul. Xska 26,482946804
742,742,Tka,Iska,1953-02-27,51223121460,Ul. Iska 51,269926836
743,743,Gka,Kska,1956-10-04,62719366780,Ul. Eska 94,465468932
744,744,Aek,Hski,1955-05-04,84085399744,Ul. Lska 1,818033016
745,745,Lek,Dski,1947-10-27,42059258156,Ul. Vska 52,395717226
746,746,Uek,Gski,2009-04-11,51233341635,Ul. Lska 5,722035595
747,747,Pek,Bski,1957-12-12,72007645138,Ul. Qska 8,999381133
748,748,Mek,Eski,1946-05-11,81009008144,Ul. Hska 93,529864920
749,749,Fek,Fski,1969-11-27,71834489257,Ul. Bska 40,250113140
750,750,Xka,Eska,1957-02-10,62859428692,Ul. Pska 95,667770170
751,751,Pek,Xski,2008-07-03,41712408392,Ul. Aska 52,585249410
752,752,Lka,Iska,1952-11-20,63903388476,Ul. Hska 53,798740140
753,753,Bek,Kski,1996-08-19,43694146912,Ul. Oska 90,556555070
754,754,Hka,Cska,1984-05-18,44225665856,Ul. Iska 6,894053072
755,755,Iek,Hski,1978-08-02,71124189187,Ul. Fska 93,238657150
756,756,Pek,Bski,1987-03-22,43831957176,Ul. Bska 49,252927558
757,757,Qek,Nski,1946-03-02,52669411005,Ul. Lska 1,745456238
758,758,Iek,Xski,1990-06-20,72221224353,Ul. Kska 7,133230139
759,759,Lek,Kski,1959-05-13,61162195816,Ul. Xska 62,283111082
760,760,Xek,Hski,1991-10-08,43340321576,Ul. Fska 8,689855128
761,761,Cka,Pska,2003-01-26,52249600830,Ul. Aska 85,588603055
762,762,Wka,Tska,1961-02-14,44110099080,Ul. Gska 2,635218194
763,763,Lek,Gski,2004-01-10,53389032710,Ul. Tska 74,821965408
764,764,Oek,Eski,1971-12-26,62055654408,Ul. Kska 15,233214390
765,765,Uek,Mski,1999-09-25,82132082856,Ul. Nska 77,453426916
766,766,Xka,Jska,1990-02-05,73505600291,Ul. Vska 69,180205000
767,767,Dka,Nska,1982-04-07,72882087761,Ul. Lska 19,479663576
768,768,Fka,Rska,1979-03-20,52357972375,Ul. Aska 88,355434602
769,769,Yek,Gski,1963-08-18,72766701983,Ul. Oska 12,376153544
770,770,Eka,Yska,1995-10-15,52629120190,Ul. Tska 80,717484357
771,771,Bka,Lska,1979-05-26,51172636830,Ul. Uska 41,953614785
772,772,Tek,Uski,2003-11-28,42352154936,Ul. Mska 52,830734608
773,773,Bka,Eska,1976-09-07,63756074720,Ul. Jska 9,669574736
774,774,Fek,Cski,1992-03-16,42211786656,Ul. Mska 17,186704177
775,775,Gka,Iska,1970-02-14,63214144166,Ul. Qska 23,823661048
776,776,Pek,Tski,1999-02-10,82358279392,Ul. Eska 82,589903825
777,777,Cka,Fska,1944-04-02,62664110332,Ul. Gska 39,471359868
778,778,Jka,Uska,1940-03-07,71634200679,Ul. Qska 58,499194864
779,779,Uek,Eski,1962-05-09,51649267030,Ul. Iska 27,940487991
780,780,Pka,Nska,1989-04-13,61979690248,Ul. Fska 61,390556145
781,781,Vka,Tska,1970-06-23,74067252509,Ul. Bska 67,717991595
782,782,Nek,Cski,1967-02-12,82754836808,Ul. Uska 85,178510129
783,783,Fek,Pski,2007-07-21,54087829730,Ul. Oska 52,883204344
784,784,Gka,Rska,1951-10-22,54135161900,Ul. Qska 98,236214968
785,785,Bka,Oska,1943-09-26,52797481880,Ul. Kska 2,281558538
786,786,Qka,Oska,1994-09-01,51037993255,Ul. Iska 37,881323408
787,787,Kek,Bski,1953-02-02,51810175540,Ul. Fska 64,664672566
788,788,Yka,Oska,1967-01-10,43117268244,Ul. Uska 52,639015068
789,789,Rek,Wski,1941-10-27,53642855975,Ul. Nska 14,357022368
790,790,Dek,Cski,1991-01-08,53309036105,Ul. Gska 83,153230468
791,791,Oek,Uski,1942-09-05,51140740485,Ul. Wska 15,318433711
792,792,Hek,Dski,1962-02-22,42549726504,Ul. Gska 32,365301218
793,793,Wek,Dski,1972-05-08,82134150792,Ul. Wska 58,572157775
794,794,Hek,Bski,1983-10-17,43318684716,Ul. Oska 71,218623952
795,795,Fek,Yski,2009-09-04,82800577208,Ul. Cska 52,815561720
796,796,Rka,Lska,1996-09-01,84264711960,Ul. Eska 96,438106216
797,797,Nek,Rski,1999-05-08,51786365585,Ul. Wska 69,148023750
798,798,Cek,Gski,2006-11-22,43591914332,Ul. Vska 55,836795520
799,799,Rka,Bska,1964-12-18,61332277400,Ul. Wska 17,920353640
800,800,Lka,Dska,1949-01-14,44142987832,Ul. Jska 27,417718872
801,801,Pek,Yski,1979-07-15,52259310020,Ul. Xska 55,864431664
802,802,Tek,Hski,1976-06-25,61643314864,Ul. Dska 30,296332418
803,803,Qka,Eska,1956-07-18,51317369075,Ul. Nska 21,591356440
804,804,Rka,Lska,1987-04-12,41470398852,Ul. Mska 99,758428203
805,805,Pka,Eska,1949-10-27,51033359525,Ul. Fska 72,298151396
806,806,Fka,Mska,1939-11-06,42814700580,Ul. Jska 35,321249668
807,807,Dka,Vska,2006-10-02,71235102405,Ul. Lska 24,742535833
808,808,Aek,Gski,1989-05-12,72150564099,Ul. Gska 38,248519982
809,809,Rek,Bski,2000-02-23,52050708085,Ul. Gska 89,886642072
810,810,Aka,Sska,2007-04-28,54032821800,Ul. Iska 57,897570432
811,811,Lek,Bski,2006-09-20,63945702502,Ul. Nska 87,551820655
812,812,Gek,Bski,1959-08-04,72667324133,Ul. Uska 57,374102565
813,813,Kka,Bska,1939-12-08,51826409635,Ul. Cska 41,677239044
814,814,Uek,Xski,1973-11-15,54189009690,Ul. Qska 17,271509008
815,815,Xka,Cska,1991-10-18,41369824948,Ul. Pska 23,579801505
816,816,Ska,Pska,1961-11-16,83945566912,Ul. Cska 92,484009520
817,817,Eek,Iski,1950-10-07,42184800188,Ul. Eska 68,382348918
818,818,Eek,Cski,1968-02-25,41823541744,Ul. Vska 37,453192252
819,819,Rka,Kska,1939-12-15,62173415332,Ul. Eska 24,486724120
820,820,Iek,Bski,1970-04-22,62687407752,Ul. Rska 19,771090566
821,821,Fek,Rski,1958-05-10,73744325524,Ul. Eska 40,975470541
822,822,Ska,Eska,1999-05-08,83048067752,Ul. Yska 14,599051370
823,823,Xka,Jska,1944-08-18,44158858180,Ul. Oska 84,897794640
824,824,Wka,Pska,1948-12-12,72776118587,Ul. Lska 53,632745392
825,825,Dek,Uski,1952-09-04,53088271860,Ul. Vska 74,213347812
826,826,Wka,Uska,2004-04-16,83663982952,Ul. Yska 56,265964404
827,827,Eek,Xski,1961-05-28,53110160180,Ul. Uska 14,544342860
828,828,Qek,Mski,1974-04-15,84152435408,Ul. Aska 51,150421826
829,829,Nek,Bski,1953-09-04,63453675584,Ul. Pska 37,226741958
830,830,Eka,Eska,2006-09-11,71182146130,Ul. Lska 26,145723877
831,831,Eek,Wski,1970-07-08,52046248145,Ul. Xska 27,140102748
832,832,Yek,Xski,1950-08-16,51932282250,Ul. Xska 81,647147892
833,833,Hek,Gski,1974-01-27,52890139155,Ul. Iska 29,291454084
834,834,Xka,Qska,1989-08-19,63974864554,Ul. Wska 61,147821100
835,835,Sek,Wski,1965-01-09,51225597090,Ul. Fska 26,614394956
836,836,Xka,Uska,1939-02-13,82316653032,Ul. Fska 1,336044283
837,837,Xka,Oska,1975-06-13,62491528140,Ul. Jska 69,923197298
838,838,Vka,Gska,1939-07-28,61515131434,Ul. Oska 91,767521924
839,839,Qka,Jska,1999-09-08,51665138005,Ul. Rska 75,366166531
840,840,Vek,Aski,2002-02-26,72867196168,Ul. Fska 2,398492019
841,841,Pek,Xski,1954-04-19,71927760720,Ul. Xska 53,382858287
842,842,Oek,Rski,1988-10-13,63839989646,Ul. Nska 29,699909738
843,843,Dek,Mski,1991-12-13,52516346760,Ul. Iska 61,195022161
844,844,Wka,Kska,1960-10-18,82681509312,Ul. Lska 57,390689217
845,845,Kek,Fski,2006-05-28,51940724565,Ul. Dska 7,543957145
846,846,Yka,Lska,1958-06-26,62778551656,Ul. Jska 62,991953243
847,847,Pek,Sski,2008-05-13,72128494948,Ul. Wska 32,787347014
848,848,Qka,Cska,1998-04-18,73148890979,Ul. Yska 56,844137096
849,849,Kka,Jska,1973-10-26,43974527828,Ul. Xska 28,689185812
850,850,Gek,Cski,1948-08-01,62403513340,Ul. Yska 24,733432536
851,851,Xka,Rska,1992-09-19,52796238060,Ul. Yska 31,177611772
852,852,Sek,Qski,1969-09-19,62562091694,Ul. Tska 14,657323724
853,853,Uka,Fska,1962-07-04,53658409340,Ul. Yska 11,890969600
854,854,Oek,Dski,1979-01-16,84017100912,Ul. Dska 56,950757652
855,855,Rek,Yski,1994-11-06,72812022612,Ul. Uska 25,720695951
856,856,Wka,Aska,1979-11-02,74243586688,Ul. Oska 78,374729073
857,857,Lek,Gski,1979-03-15,41086516788,Ul. Xska 60,363871805
858,858,Gek,Pski,1974-02-07,51376135620,Ul. Jska 60,535734040
859,859,Pek,Oski,1969-03-03,72032885052,Ul. Lska 6,542818680
860,860,Qka,Qska,1963-12-18,82147539992,Ul. Pska 29,699192796
861,861,Bek,Fski,1946-03-27,81674445584,Ul. Uska 98,247612394
862,862,Hka,Qska,1960-08-24,52541867535,Ul. Tska 28,134805674
863,863,Gek,Vski,1968-01-21,71305473047,Ul. Wska 87,433624104
864,864,Fka,Hska,1955-12-14,82912993696,Ul. Fska 47,582452595
865,865,Lek,Xski,1966-07-10,51043574960,Ul. Jska 46,549131985
866,866,Bek,Jski,1995-07-01,62987084888,Ul. Uska 68,268620038
867,867,Cek,Vski,1984-02-10,82299119176,Ul. Lska 88,157631526
868,868,Uek,Cski,1967-02-18,82453061072,Ul. Lska 92,840104584
869,869,Bka,Wska,2007-02-14,53081039450,Ul. Pska 8,177120776
870,870,Aek,Qski,1979-12-19,81711404248,Ul. Xska 22,724818176
871,871,Dek,Cski,2003-03-17,81195435024,Ul. Mska 6,656932804
872,872,Iek,Aski,1994-11-28,52274212300,Ul. Qska 52,725200196
873,873,Wka,Mska,1946-04-21,62365421822,Ul. Tska 30,993880145
874,874,Oek,Xski,1966-05-26,41382188188,Ul. Hska 54,711523221
875,875,Oka,Gska,1947-11-25,62449011852,Ul. Mska 70,339972699
876,876,Cek,Rski,2002-08-13,43270137876,Ul. Sska 86,751797729
877,877,Nka,Uska,1996-09-26,53047258215,Ul. Oska 56,992214355
878,878,Wek,Uski,1956-10-21,42330822572,Ul. Wska 44,723145278
879,879,Eek,Dski,1991-11-26,53464219145,Ul. Hska 91,762168614
880,880,Dka,Uska,1998-11-08,73198175117,Ul. Bska 58,560958185
881,881,Tek,Pski,1989-05-15,62093179452,Ul. Nska 66,639897680
882,882,Gek,Yski,1991-12-02,83513775464,Ul. Vska 61,885237640
883,883,Aka,Tska,1976-06-21,52622759780,Ul. Eska 94,664992772
884,884,Wek,Nski,1958-11-08,61121559210,Ul. Gska 49,767322542
885,885,Tka,Nska,1970-04-07,52431921900,Ul. Jska 5,222218562
886,886,Wka,Bska,1939-12-20,53880473685,Ul. Yska 22,539549570
887,887,Oka,Eska,1997-01-07,61163780364,Ul. Cska 39,928681223
888,888,Aek,Eski,2001-11-05,62260965720,Ul. Jska 64,327401479
889,889,Mek,Lski,1974-09-16,53571819350,Ul. Hska 89,412715052
890,890,Hka,Sska,1966-06-02,54154649225,Ul. Fska 37,121924146
891,891,Fek,Oski,1980-10-19,62199248464,Ul. Fska 24,149224541
892,892,Vka,Qska,1970-06-09,83594153872,Ul. Oska 30,368435550
893,893,Ika,Jska,1973-09-17,82458594208,Ul. Cska 21,177311342
894,894,Rek,Fski,1998-04-10,62467799528,Ul. Lska 59,676924690
895,895,Oek,Oski,1947-07-03,63583466848,Ul. Sska 88,256401748
896,896,Ska,Yska,1961-10-25,72803535833,Ul. Cska 67,223039200
897,897,Bek,Rski,1994-08-22,61295327078,Ul. Aska 66,248417548
898,898,Pka,Iska,2007-11-11,53511977110,Ul. Xska 91,167115414
899,899,Pka,Rska,1975-09-25,41024129424,Ul. Bska 94,294406568
900,900,Pka,Aska,1944-02-15,41078913700,Ul. Jska 63,259555412
901,901,Dka,Lska,1982-09-09,72667340007,Ul. Cska 42,145025524
902,902,Cek,Jski,1955-11-09,71886820668,Ul. Nska 11,986884248
903,903,Hek,Pski,1951-04-24,71432765506,Ul. Xska 91,912057221
904,904,Eka,Hska,1969-02-07,73053710999,Ul. Iska 26,886921816
905,905,Dka,Cska,1955-08-21,41796042760,Ul. Cska 67,544921340
906,906,Pek,Qski,1968-10-12,71901125890,Ul. Bska 61,278114968
907,907,Kka,Jska,1987-04-06,43916392412,Ul. Bska 84,160712108
908,908,Jka,Rska,1978-08-05,44043305664,Ul. Yska 24,714008253
909,909,Gek,Kski,2003-09-26,42144004368,Ul. Bska 33,554505150
910,910,Qka,Yska,1985-03-21,61739054138,Ul. Vska 37,473920500
911,911,Fka,Kska,1953-04-14,64116489148,Ul. Uska 69,216632086
912,912,Rka,Rska,1942-07-07,53907598175,Ul. Gska 21,926554702
913,913,Bek,Mski,1989-12-19,41935752476,Ul. Wska 23,971184832
914,914,Wka,Mska,1998-05-14,74251597090,Ul. Bska 68,388809210
915,915,Qek,Xski,1986-09-10,42235259136,Ul. Aska 75,794520671
916,916,Uka,Jska,1942-06-25,41661968968,Ul. Vska 88,362189169
917,917,Lka,Sska,1980-08-13,84026357240,Ul. Mska 54,993346744
918,918,Qek,Fski,1945-07-17,71940541596,Ul. Sska 68,851961344
919,919,Gka,Bska,1948-01-24,41640110864,Ul. Hska 78,974685455
920,920,Uka,Bska,1943-12-03,63605638972,Ul. Sska 20,510719840
921,921,Hek,Rski,1981-03-03,73242184737,Ul. Qska 87,464176496
922,922,Hka,Kska,1997-03-10,41676102188,Ul. Lska 92,663620496
923,923,Pek,Dski,1959-07-14,71324509762,Ul. Uska 15,971453557
924,924,Mka,Hska,1979-04-12,62367377198,Ul. Eska 7,724367797
925,925,Rek,Hski,1942-03-04,63623416376,Ul. Wska 24,684215176
926,926,Lek,Bski,1953-10-19,63948846850,Ul. Jska 68,766817824
927,927,Kka,Yska,1987-11-28,61885016226,Ul. Dska 71,976823373
928,928,Eek,Gski,1943-12-23,62237462586,Ul. Kska 38,593805565
929,929,Hek,Bski,1969-08-17,43306377348,Ul. Eska 5,354857015
930,930,Oek,Xski,1988-09-18,72189419539,Ul. Nska 24,197020581
931,931,Rek,Oski,1986-09-03,72079341967,Ul. Jska 75,936911068
932,932,Vek,Rski,1943-12-08,42309906468,Ul. Cska 52,511474710
933,933,Uek,Qski,1962-11-06,52754207200,Ul. Bska 77,132923046
934,934,Lek,Eski,1960-11-04,62162674204,Ul. Kska 94,816144328
935,935,Fek,Pski,1970-05-13,82344985864,Ul. Wska 61,420517112
936,936,Eek,Lski,1952-10-14,42971616608,Ul. Uska 2,589643770
937,937,Tka,Xska,1945-11-07,83566673904,Ul. Tska 67,122521677
938,938,Qek,Oski,2002-11-10,72445921357,Ul. Jska 27,441496768
939,939,Nek,Aski,1998-05-22,82176109336,Ul. Hska 25,247433394
940,940,Gka,Sska,2005-05-04,62971740776,Ul. Iska 91,416009952
941,941,Oka,Nska,1993-03-21,51144970780,Ul. Oska 29,488202848
942,942,Eek,Kski,1970-06-09,61534416886,Ul. Lska 62,791361131
943,943,Pka,Gska,1999-08-28,81185820432,Ul. Dska 79,770950057
944,944,Yka,Sska,1940-01-02,63453373346,Ul. Dska 11,211555150
945,945,Aek,Sski,1949-05-24,43982399816,Ul. Bska 81,930385958
946,946,Ska,Uska,1993-07-07,82076543096,Ul. Rska 11,317657804
947,947,Yek,Qski,1955-04-08,73854605049,Ul. Gska 80,630455524
948,948,Wek,Jski,1950-03-15,62564419268,Ul. Yska 48,658302082
949,949,Xek,Eski,1977-08-05,84210968264,Ul. Aska 40,542425710
950,950,Xka,Rska,1975-08-10,82414769064,Ul. Rska 10,976641211
951,951,Cek,Mski,1964-10-10,61751224582,Ul. Kska 46,394097686
952,952,Gka,Hska,1963-07-10,73586460711,Ul. Tska 99,756478668
953,953,Nka,Xska,1982-11-28,44263418136,Ul. Dska 27,897699264
954,954,Mka,Yska,1997-02-14,71639872786,Ul. Tska 79,237751478
955,955,Aka,Yska,1959-12-15,42038914912,Ul. Qska 73,357162901
956,956,Bka,Iska,1995-04-08,43811045528,Ul. Yska 60,467462668
957,957,Rka,Rska,1952-07-26,41348229520,Ul. Fska 75,318086790
958,958,Bek,Hski,1956-05-09,61781576538,Ul. Dska 53,356675222
959,959,Pka,Fska,2007-07-23,53960745205,Ul. Iska 25,523959050
960,960,Lek,Cski,1999-04-11,53486925120,Ul. Lska 3,787820062
961,961,Fka,Mska,2002-07-22,71822343423,Ul. Tska 20,468722152
962,962,Eka,Hska,1953-07-05,53851426125,Ul. Kska 5,729976407
963,963,Eek,Eski,1944-07-14,71950896070,Ul. Dska 18,527820795
964,964,Vka,Rska,1980-11-14,62069153868,Ul. Hska 46,628071138
965,965,Aka,Dska,1956-04-05,73207863042,Ul. Yska 70,621999642
966,966,Yka,Iska,1960-09-23,51022228990,Ul. Aska 58,496917944
967,967,Qka,Bska,1991-12-05,72261580936,Ul. Mska 89,279855620
968,968,Kek,Vski,1952-11-25,51433189835,Ul. Iska 13,190804477
969,969,Sek,Aski,1962-01-15,52832567765,Ul. Lska 78,642138658
970,970,Pek,Fski,1991-10-04,51705132580,Ul. Eska 84,394417907
971,971,Rka,Uska,1953-10-13,53954765935,Ul. Sska 63,184519760
972,972,Xek,Fski,2008-04-08,82942222864,Ul. Nska 67,194204205
973,973,Mek,Cski,1954-05-22,63601858872,Ul. Oska 88,462732004
974,974,Fka,Iska,2002-09-13,43886118780,Ul. Vska 94,314163048
975,975,Mka,Eska,2002-12-28,73242033194,Ul. Eska 86,273664938
976,976,Eek,Qski,1940-07-21,41649545204,Ul. Mska 49,488204228
977,977,Xek,Eski,2005-06-12,43797871860,Ul. Eska 81,554427490
978,978,Aek,Jski,1944-10-24,72639864906,Ul. Hska 4,222016268
979,979,Xek,Yski,1976-02-25,61509667526,Ul. Iska 67,798741554
980,980,Lka,Rska,1991-01-21,53847705500,Ul. Uska 88,970334308
981,981,Aek,Vski,1957-11-12,73670722666,Ul. Gska 91,840555600
982,982,Hek,Uski,1988-02-07,71328639277,Ul. Rska 4,346642546
983,983,Wek,Iski,2004-05-23,43922703364,Ul. Aska 94,376568442
984,984,Qek,Pski,1984-11-02,42427640808,Ul. Oska 14,814859896
985,985,Gek,Mski,1989-07-16,72610684107,Ul. Uska 33,584234250
986,986,Kka,Sska,1988-01-10,63553128484,Ul. Cska 2,773233446
987,987,Eek,Nski,1984-07-15,62057744228,Ul. Jska 47,967930796
988,988,Dka,Cska,2007-09-12,41800719808,Ul. Jska 41,447130800
989,989,Ika,Xska,1981-11-10,83281267456,Ul. Aska 92,343969975
990,990,Jka,Wska,1943-05-04,72231651135,Ul. Iska 61,431505888
991,991,Sek,Uski,1978-07-12,82815036240,Ul. Jska 90,399061539
992,992,Wka,Uska,1963-02-18,63908579346,Ul. Hska 57,613341096
993,993,Kka,Sska,2002-10-17,63057408864,Ul. Kska 25,692712452
994,994,Bka,Mska,1969-11-04,81861421048,Ul. Bska 28,899200552
995,995,Kka,Rska,2004-09-04,82040470096,Ul. Tska 53,886039904
996,996,Qek,Xski,1987-12-28,81195202848,Ul. Fska 86,126120000
997,997,Bka,Kska,1953-04-06,82255142776,Ul. Bska 26,111725854
998,998,Cka,Hska,1979-03-06,41864294812,Ul. Aska 36,638214210
999,999,Xka,Aska,2000-08-27,61150537364,Ul. Vska 8,399155869
1000,1000,Lek,Kski,1990-06-16,82758108064,Ul. Tska 43,560227085
