1,1,Kka,Iska,1998-01-17,61137995376,Ul. Jska 32,543281220
2,2,Kka,Pska,1942-05-20,51778605345,Ul. Dska 6,935002968
3,3,Nka,Bska,1966-05-27,81561886016,Ul. Eska 56,680765634
4,4,Ska,Nska,1951-12-12,53175706640,Ul. Xska 31,889111064
5,5,Nek,Vski,1998-09-12,42843729456,Ul. Lska 42,187105043
6,6,Yka,Cska,1985-01-10,73391464640,Ul. Wska 71,911971558
7,7,Jka,Rska,1997-09-05,53351785895,Ul. Xska 27,739917122
8,8,Nka,Cska,1985-09-05,41359250588,Ul. Eska 1,728334412
9,9,Gek,Tski,2000-01-23,52116197820,Ul. Yska 78,192715929
10,10,Wek,Kski,1987-11-12,63290362048,Ul. Tska 42,539132480
11,11,Gka,Gska,1985-03-24,43504268460,Ul. Tska 92,521751990
12,12,Jek,Jski,1964-02-22,42288047872,Ul. Oska 8,924070569
13,13,Fka,Fska,1993-10-22,51447528665,Ul. Xska 94,355016977
14,14,Qek,Sski,1958-05-02,71977971626,Ul. Eska 78,152017866
15,15,Mek,Rski,1969-01-13,72099593499,Ul. Bska 69,651109428
16,16,Uka,Aska,2007-09-22,62944080676,Ul. Wska 36,343421282
17,17,Sek,Bski,1947-02-20,71267611384,Ul. Oska 83,937566715
18,18,Xek,Qski,1951-09-06,53485209850,Ul. Iska 85,171711618
19,19,Wek,Lski,1951-04-27,71706352934,Ul. Pska 57,956188487
20,20,Dka,Iska,1978-06-20,62295129436,Ul. Sska 82,658458646
21,21,Tka,Pska,1953-10-27,83003727792,Ul. Cska 26,213163708
22,22,Cka,Nska,1940-09-27,82149171208,Ul. Iska 24,829118816
23,23,Kek,Bski,1944-05-10,83272839576,Ul. Mska 61,948496515
24,24,Mka,Iska,1961-05-20,62204136666,Ul. Vska 85,332749254
25,25,Oek,Tski,1979-11-08,61080617886,Ul. Bska 83,553178955
26,26,Kka,Uska,2008-05-13,84206652464,Ul. Cska 77,938924109
27,27,Kek,Tski,1961-06-14,74066174004,Ul. Eska 45,921953765
28,28,Gka,Dska,1950-03-08,63831976992,Ul. Pska 12,182211903
29,29,Bka,Kska,1979-12-05,73182284938,Ul. Sska 13,462425516
30,30,Tek,Bski,1964-01-17,72282755538,Ul. Mska 41,232259350
31,31,Aek,Cski,1945-08-14,74213108054,Ul. Sska 18,168200708
32,32,Vek,Hski,1959-12-07,72811573745,Ul. Jska 60,234130494
33,33,Jek,Fski,1979-09-05,83410944728,Ul. Iska 27,337897431
34,34,Yka,Pska,1956-10-23,81082745296,Ul. Dska 50,761110103
35,35,Cek,Kski,2007-08-08,42181227436,Ul. Cska 66,847682448
36,36,Hka,Jska,1998-04-03,62855249694,Ul. Gska 20,590554840
37,37,Sek,Jski,1967-03-13,73367721387,Ul. Lska 93,980383554
38,38,Uka,Fska,1967-01-14,72529127290,Ul. Bska 59,898536592
39,39,Gek,Gski,1942-12-01,62140084776,Ul. Qska 19,624436822
40,40,Fek,Pski,1985-05-12,51916564395,Ul. Rska 50,649635666
41,41,Lka,Uska,1981-12-23,42516064068,Ul. Lska 73,683523688
42,42,Pka,Dska,1989-08-08,42779709432,Ul. Rska 35,482420368
43,43,Wek,Vski,2001-06-04,63706818188,Ul. Aska 49,133409162
44,44,Dka,Lska,1969-04-08,43340677044,Ul. Mska 10,311563495
45,45,Rek,Hski,1941-10-12,53696710800,Ul. Gska 83,684946892
46,46,Nka,Uska,1947-06-05,81124557560,Ul. Eska 15,369770737
47,47,Xka,Pska,1973-10-22,83573162048,Ul. Jska 19,921162360
48,48,Uek,Yski,1991-10-12,82845485080,Ul. Mska 24,850596656
49,49,Ika,Vska,1948-05-20,61032410526,Ul. Mska 18,447945808
50,50,Kka,Oska,2002-10-07,71098711960,Ul. Mska 77,771958578
51,51,Bek,Yski,1941-10-17,52454544545,Ul. Lska 56,133821255
52,52,Kek,Hski,1985-03-07,63766845756,Ul. Iska 74,553680415
53,53,Uek,Wski,2000-09-27,82648210816,Ul. Tska 83,662450064
54,54,Qek,Lski,1963-04-06,53813146300,Ul. Rska 65,717179550
55,55,Vka,Gska,1996-03-16,74259760139,Ul. Eska 66,699838496
56,56,Nka,Jska,1950-06-08,41583699640,Ul. Eska 50,620417652
57,57,Lek,Gski,2000-07-24,53010208840,Ul. Hska 95,964142874
58,58,Ika,Wska,1977-01-27,43335330084,Ul. Dska 45,329449476
59,59,Ika,Dska,1996-07-07,74198111370,Ul. Pska 93,745772107
60,60,Gka,Aska,1941-07-15,43258361120,Ul. Eska 12,221920422
61,61,Cka,Aska,1959-09-11,53187944620,Ul. Oska 92,641357156
62,62,Iek,Bski,1968-02-15,53775822480,Ul. Cska 97,840742480
63,63,Gka,Pska,1977-07-13,81874731560,Ul. Lska 8,770578864
64,64,Pek,Gski,1953-06-09,82750415288,Ul. Gska 10,713805765
65,65,Cka,Cska,1951-12-01,53674063215,Ul. Gska 98,774052570
66,66,Eek,Jski,1963-10-07,82379791304,Ul. Hska 49,177400703
67,67,Yka,Sska,2005-04-03,63325252662,Ul. Cska 31,468104556
68,68,Bka,Sska,1978-02-06,81176720680,Ul. Pska 34,945583339
69,69,Tka,Lska,1967-06-17,82527961192,Ul. Mska 21,297841968
70,70,Ska,Yska,1981-03-23,64157815002,Ul. Xska 44,526357930
71,71,Dka,Fska,1985-04-25,42162301908,Ul. Fska 6,531066595
72,72,Yek,Hski,1983-07-24,72804731635,Ul. Eska 3,783524637
73,73,Ika,Gska,1995-04-10,72120877191,Ul. Oska 85,437187676
74,74,Hka,Vska,1996-12-09,52519458590,Ul. Lska 47,820296848
75,75,Xek,Gski,1991-01-02,52089744965,Ul. Oska 1,586082640
76,76,Qka,Iska,1986-01-24,53264011600,Ul. Wska 84,961844810
77,77,Rek,Sski,2003-03-18,61546701728,Ul. Rska 5,171330880
78,78,Hek,Kski,1960-09-18,41275883304,Ul. Aska 92,211222290
79,79,Yek,Pski,1968-07-23,52144388055,Ul. Oska 49,155116453
80,80,Gka,Iska,2003-05-02,82743157336,Ul. Dska 66,157720910
81,81,Fek,Aski,1951-05-07,74186260601,Ul. Oska 93,435770288
82,82,Bka,Cska,1973-04-02,42647055908,Ul. Oska 62,244959614
83,83,Aka,Jska,1973-11-27,63647132592,Ul. Rska 28,124419658
84,84,Wka,Gska,2006-07-08,51573265205,Ul. Vska 46,885910456
85,85,Lka,Qska,1964-11-18,51104821415,Ul. Uska 14,220236948
86,86,Uka,Hska,1972-01-01,53869060190,Ul. Wska 3,274918396
87,87,Wek,Bski,1983-01-01,42816633944,Ul. Sska 71,545913080
88,88,Jek,Eski,1989-06-01,61137128034,Ul. Gska 82,198317827
89,89,Mek,Jski,1958-11-26,42374932728,Ul. Gska 58,769589628
90,90,Qka,Vska,2003-12-19,42404318296,Ul. Hska 89,581949725
91,91,Ska,Bska,1948-04-07,61816096150,Ul. Fska 27,476215940
92,92,Tek,Xski,2005-09-08,53549059950,Ul. Uska 57,222214482
93,93,Aka,Lska,1974-05-21,81632904528,Ul. Yska 71,947240175
94,94,Aek,Mski,2002-12-22,83198265568,Ul. Vska 14,762509697
95,95,Gek,Iski,1939-06-03,52186318365,Ul. Rska 49,715652873
96,96,Kek,Kski,1972-06-12,83552795056,Ul. Sska 97,159020048
97,97,Nek,Uski,1971-09-23,81665421520,Ul. Fska 14,372681882
98,98,Mka,Wska,1957-08-12,81771931288,Ul. Cska 17,125606595
99,99,Fka,Iska,1990-08-10,43604920544,Ul. Xska 23,336465700
100,100,Dka,Yska,1940-07-15,72127155454,Ul. Mska 21,143728831
101,101,Bek,Jski,1944-12-08,82724012464,Ul. Gska 58,684024804
102,102,Qek,Gski,1969-11-17,52127221405,Ul. Wska 60,368862532
103,103,Bek,Mski,1939-08-28,61415614522,Ul. Aska 32,287104850
104,104,Jka,Kska,1969-11-10,72480978127,Ul. Iska 27,364686055
105,105,Hka,Sska,1987-08-09,82716213232,Ul. Pska 18,167112433
106,106,Pek,Dski,2000-01-04,83936740320,Ul. Pska 30,940161821
107,107,Sek,Oski,1981-08-12,72589276568,Ul. Uska 62,433384680
108,108,Oka,Bska,1954-09-25,81539675720,Ul. Lska 19,777101976
109,109,Qek,Hski,1982-08-27,52722616420,Ul. Dska 30,961194077
110,110,Vka,Kska,2005-03-15,71606339377,Ul. Aska 83,652244120
111,111,Cek,Rski,2009-04-27,41135628460,Ul. Nska 41,250424780
112,112,Aek,Cski,1996-02-06,83142865120,Ul. Iska 70,212823776
113,113,Jka,Gska,2002-06-17,51455263865,Ul. Uska 54,674066408
114,114,Xka,Wska,1959-05-02,81775661152,Ul. Iska 28,148304853
115,115,Tka,Yska,1964-10-23,51437998775,Ul. Dska 22,558426525
116,116,Bka,Kska,2006-04-17,43797532120,Ul. Fska 23,790904925
117,117,Hek,Dski,1961-06-09,81592629808,Ul. Kska 28,692816722
118,118,Hka,Mska,2009-04-22,63539379974,Ul. Jska 43,688376580
119,119,Wek,Cski,1956-11-26,81036740512,Ul. Tska 91,213048582
120,120,Lka,Kska,1951-11-23,43417968376,Ul. Aska 26,346995475
121,121,Dek,Aski,2000-11-01,81779921224,Ul. Dska 50,866078672
122,122,Gka,Vska,1996-08-20,63659581950,Ul. Mska 37,790411974
123,123,Fka,Tska,1940-05-14,51675460500,Ul. Uska 30,112904465
124,124,Uka,Bska,1999-09-25,71728148190,Ul. Sska 12,915203303
125,125,Kka,Wska,1995-10-17,73784579564,Ul. Nska 97,729028240
126,126,Iek,Pski,1957-01-10,83820798104,Ul. Eska 33,186009369
127,127,Vka,Jska,1989-09-01,52735403760,Ul. Tska 98,963664969
128,128,Mka,Oska,1992-04-20,53266403510,Ul. Dska 6,190211207
129,129,Hka,Mska,1966-05-13,72037974930,Ul. Yska 90,695881950
130,130,Jek,Yski,1953-12-06,83553383160,Ul. Gska 18,798993604
131,131,Hka,Xska,2004-08-01,63270127290,Ul. Eska 69,312982296
132,132,Bek,Gski,1948-02-05,81502212568,Ul. Lska 78,630352008
133,133,Pek,Cski,2003-11-06,51441021275,Ul. Jska 88,337483985
134,134,Jka,Hska,1995-05-21,71755974090,Ul. Cska 90,510555855
135,135,Aek,Sski,1986-09-22,62811892192,Ul. Dska 90,542505190
136,136,Wka,Pska,1953-06-17,81041758680,Ul. Hska 38,269248208
137,137,Vek,Aski,1954-09-18,81172324984,Ul. Cska 26,315200006
138,138,Uek,Jski,1973-09-28,43543314644,Ul. Aska 85,298720194
139,139,Eek,Iski,1975-03-17,54225924995,Ul. Bska 92,391584429
140,140,Jka,Bska,1969-10-28,62564442582,Ul. Vska 46,588510835
141,141,Gka,Vska,1980-05-03,73480148020,Ul. Hska 80,249361442
142,142,Dek,Aski,1962-07-14,82928802680,Ul. Sska 7,983913669
143,143,Eka,Qska,1993-09-10,72229780390,Ul. Cska 26,833069160
144,144,Nka,Fska,2009-09-15,62911617024,Ul. Lska 89,124929707
145,145,Fka,Qska,1957-06-27,41588481436,Ul. Jska 87,953837467
146,146,Oka,Xska,1961-01-11,83597549416,Ul. Kska 16,314304467
147,147,Eka,Tska,1948-04-23,63449242276,Ul. Qska 40,494323852
148,148,Ika,Pska,1970-08-28,53777543125,Ul. Tska 76,159023001
149,149,Mek,Rski,1946-01-15,52415715305,Ul. Oska 84,171416516
150,150,Lka,Pska,1982-06-13,72407979305,Ul. Nska 46,814122624
151,151,Oka,Fska,1987-09-06,82650667528,Ul. Hska 99,993530050
152,152,Iek,Dski,1947-07-27,62788104928,Ul. Qska 73,324896219
153,153,Uka,Iska,1976-08-02,42191354756,Ul. Nska 99,130822742
154,154,Oek,Vski,1992-11-22,61155445818,Ul. Eska 62,652823654
155,155,Lka,Tska,1968-06-09,83615927200,Ul. Pska 43,297731046
156,156,Mek,Bski,2008-12-24,63011437694,Ul. Rska 85,757523464
157,157,Lek,Sski,2007-07-13,43440832344,Ul. Rska 66,844623488
158,158,Fka,Wska,1989-05-15,43998300940,Ul. Qska 53,111901400
159,159,Yka,Rska,1976-08-09,72747374536,Ul. Aska 63,548931555
160,160,Mka,Bska,1975-12-02,51578191585,Ul. Oska 64,782573409
161,161,Cka,Qska,1961-09-10,81252075032,Ul. Hska 91,164004252
162,162,Pka,Dska,1978-11-14,83826895920,Ul. Dska 65,358852158
163,163,Xka,Mska,1971-01-26,64208402250,Ul. Bska 45,735076496
164,164,Pka,Vska,1942-07-21,43288517796,Ul. Vska 57,258353780
165,165,Eka,Qska,1986-10-04,41079218180,Ul. Mska 48,728574433
166,166,Fek,Hski,1962-02-06,63446719806,Ul. Jska 67,671100048
167,167,Rka,Uska,1977-09-16,51070805530,Ul. Lska 27,914983222
168,168,Rka,Nska,1963-07-05,83498004512,Ul. Vska 5,468954704
169,169,Lek,Rski,1982-01-07,62551725134,Ul. Gska 12,768678654
170,170,Hka,Jska,1979-03-25,72766822724,Ul. Yska 64,360355065
171,171,Oek,Kski,1995-03-26,41105656316,Ul. Yska 9,998435071
172,172,Bka,Tska,1999-02-23,72543175369,Ul. Eska 54,919152648
173,173,Nek,Mski,1971-10-03,61713885110,Ul. Rska 29,529258745
174,174,Oek,Rski,1945-10-10,71140703672,Ul. Nska 34,685225964
175,175,Tka,Yska,1942-07-20,82194840024,Ul. Bska 83,243017730
176,176,Uka,Aska,1957-06-21,42555085432,Ul. Vska 30,294949280
177,177,Gek,Gski,1999-11-28,41865915992,Ul. Tska 35,985529185
178,178,Hek,Dski,2003-02-01,71757525375,Ul. Hska 15,657445548
179,179,Yek,Vski,1980-07-18,52557985810,Ul. Dska 30,119413016
180,180,Nka,Fska,2009-11-20,43042515752,Ul. Vska 30,169504648
181,181,Aek,Xski,1997-12-28,63516844102,Ul. Kska 93,788901421
182,182,Cka,Dska,2003-06-08,71697185561,Ul. Oska 19,361478285
183,183,Xka,Vska,1950-08-21,53197959540,Ul. Jska 14,690674904
184,184,Nka,Gska,1991-05-23,51800857240,Ul. Eska 65,729654623
185,185,Jka,Pska,1960-05-15,62937443688,Ul. Hska 84,433821400
186,186,Lka,Tska,2007-04-10,63691957906,Ul. Sska 94,496723800
187,187,Jka,Iska,2009-08-27,52562783215,Ul. Tska 52,771083799
188,188,Hek,Bski,1995-09-25,51146341510,Ul. Hska 39,481354276
189,189,Nka,Fska,1979-04-20,62592615368,Ul. Wska 26,959049032
190,190,Uek,Jski,1991-02-10,73724468642,Ul. Hska 19,961695796
191,191,Bka,Mska,1948-04-09,83086101672,Ul. Vska 97,795375609
192,192,Wek,Lski,2006-03-17,63089428290,Ul. Vska 50,745763840
193,193,Fka,Mska,1989-02-03,53960588055,Ul. Eska 34,323155926
194,194,Ska,Kska,1941-03-15,53609715830,Ul. Jska 24,545456870
195,195,Yek,Uski,2005-09-23,43392902652,Ul. Iska 74,973002482
196,196,Oek,Rski,1951-07-21,63281669774,Ul. Bska 54,335809150
197,197,Hka,Pska,1997-06-21,42399706168,Ul. Xska 21,155909178
198,198,Hka,Rska,2004-01-24,82688075184,Ul. Dska 74,918990241
199,199,Vka,Rska,1990-06-08,52381613945,Ul. Rska 35,633534604
200,200,Xek,Hski,2008-02-02,43392101868,Ul. Yska 45,186409113
201,201,Yka,Aska,1999-02-24,53725003510,Ul. Aska 28,915536818
202,202,Nek,Vski,1952-11-23,81395723912,Ul. Xska 69,978088810
203,203,Gka,Qska,1976-02-13,42079465208,Ul. Qska 70,652520924
204,204,Vek,Wski,1965-12-04,52595798215,Ul. Wska 80,342815246
205,205,Qka,Rska,1956-11-25,73510185535,Ul. Uska 98,949189504
206,206,Dek,Tski,1940-06-20,43608427248,Ul. Bska 85,153910085
207,207,Yka,Kska,1965-12-25,62713962498,Ul. Oska 48,916912499
208,208,Cka,Mska,1988-10-09,64217364514,Ul. Rska 46,361986634
209,209,Vek,Cski,1984-08-04,51205728000,Ul. Qska 88,759851634
210,210,Jek,Uski,1982-10-24,81369907632,Ul. Oska 62,836328416
211,211,Pek,Nski,1954-09-01,43109472152,Ul. Sska 93,462619072
212,212,Oka,Kska,1965-07-21,71483785638,Ul. Dska 57,223100528
213,213,Tek,Vski,2000-12-09,63199415014,Ul. Kska 15,663154492
214,214,Dek,Iski,1945-12-21,44268073608,Ul. Qska 19,744309977
215,215,Yka,Kska,1984-03-23,83133214640,Ul. Wska 2,443585604
216,216,Tek,Tski,1979-06-01,61371525716,Ul. Uska 95,355965337
217,217,Aek,Jski,1977-06-27,41707467760,Ul. Qska 34,515461630
218,218,Oka,Sska,2006-04-19,52046904485,Ul. Uska 10,877521688
219,219,Eek,Vski,1989-06-04,71632477665,Ul. Oska 94,647502876
220,220,Xek,Kski,1978-12-22,71348682747,Ul. Pska 83,390136036
221,221,Pek,Kski,1968-10-22,81591726008,Ul. Gska 72,877512528
222,222,Ska,Xska,1939-06-10,71354794733,Ul. Qska 24,361920490
223,223,Rka,Mska,2008-04-12,82977701320,Ul. Rska 11,674065730
224,224,Oka,Bska,1972-08-13,84209816560,Ul. Iska 97,198414722
225,225,Pka,Aska,1965-11-03,43347680240,Ul. Lska 84,790398625
226,226,Cka,Nska,1941-02-09,62281561902,Ul. Vska 9,790132433
227,227,Nka,Bska,1994-02-03,62711685850,Ul. Pska 34,457521344
228,228,Bka,Qska,1988-01-03,42191969344,Ul. Rska 20,152604155
229,229,Jka,Qska,1985-05-21,61249272528,Ul. Kska 42,810291424
230,230,Nka,Mska,1955-10-19,73159717462,Ul. Wska 45,689918800
231,231,Mek,Yski,1942-03-16,41464326556,Ul. Vska 57,973066185
232,232,Eek,Rski,2007-08-04,72458401960,Ul. Nska 26,973051696
233,233,Vka,Eska,1947-11-15,53200757980,Ul. Xska 78,675959622
234,234,Gek,Qski,1989-06-02,44134231008,Ul. Wska 52,889120784
235,235,Pka,Vska,1978-10-08,41253098648,Ul. Sska 90,161931689
236,236,Kka,Eska,1982-08-06,62203999054,Ul. Vska 10,746155419
237,237,Iek,Qski,1978-09-15,63486352116,Ul. Cska 59,765380325
238,238,Yek,Rski,1991-09-18,62952996108,Ul. Mska 31,842913616
239,239,Cka,Yska,1975-06-10,53831978335,Ul. Xska 98,931583761
240,240,Dka,Pska,1947-04-18,61850335102,Ul. Cska 43,916929140
241,241,Aek,Wski,1989-05-19,53441858835,Ul. Oska 88,686928178
242,242,Wka,Nska,1989-12-17,62632360068,Ul. Bska 49,781732405
243,243,Nka,Vska,1994-05-06,61257660572,Ul. Rska 79,921123515
244,244,Tka,Vska,1982-10-27,83907947424,Ul. Yska 84,835456112
245,245,Xek,Cski,1964-07-13,81406284104,Ul. Hska 55,937148176
246,246,Ska,Sska,1992-08-11,41512329916,Ul. Tska 55,627917070
247,247,Tek,Yski,1998-10-09,61271939158,Ul. Vska 82,942250425
248,248,Bek,Qski,2000-12-12,54053788490,Ul. Cska 6,885015160
249,249,Eek,Uski,1964-07-14,61106476944,Ul. Fska 25,798924292
250,250,Nek,Cski,1969-09-17,51743544770,Ul. Eska 36,784988298
251,251,Eka,Eska,1994-12-21,72303555573,Ul. Aska 59,553989115
252,252,Kek,Oski,1989-09-25,43919420076,Ul. Nska 80,269257648
253,253,Fka,Cska,1944-12-12,72428424346,Ul. Rska 55,164819548
254,254,Cek,Kski,2009-04-15,53436069650,Ul. Rska 16,638053022
255,255,Aek,Nski,1953-08-19,63285632588,Ul. Sska 58,471615148
256,256,Nek,Qski,1960-07-07,62987320448,Ul. Tska 83,633911150
257,257,Ika,Wska,1964-09-14,54066203565,Ul. Jska 57,277809430
258,258,Vka,Vska,1956-04-17,44136361656,Ul. Sska 82,779578675
259,259,Yek,Iski,1946-08-26,52413991435,Ul. Bska 48,665314102
260,260,Ska,Iska,1972-05-10,52368144365,Ul. Mska 50,717007051
261,261,Mek,Kski,1947-01-04,81666044528,Ul. Sska 94,386539522
262,262,Lka,Uska,1985-10-24,83626256448,Ul. Kska 60,415508084
263,263,Pek,Fski,1984-08-16,81230402384,Ul. Wska 89,836026136
264,264,Lka,Gska,2005-08-04,64070075954,Ul. Nska 64,435061120
265,265,Wek,Cski,2004-05-22,71126236561,Ul. Nska 18,558907355
266,266,Kka,Wska,1957-06-19,74217537730,Ul. Nska 15,467114524
267,267,Eek,Qski,1968-11-14,74200720993,Ul. Yska 34,672601458
268,268,Uek,Tski,2001-11-22,52487602670,Ul. Yska 77,723365646
269,269,Nka,Jska,1966-11-20,51175637555,Ul. Bska 36,520088780
270,270,Jek,Rski,1944-02-06,43263929324,Ul. Oska 92,513014575
271,271,Hek,Eski,1977-09-06,83955386368,Ul. Uska 68,139115145
272,272,Fka,Kska,1981-05-12,44151431480,Ul. Rska 75,852210504
273,273,Rka,Aska,1939-03-26,44215435496,Ul. Kska 26,794828161
274,274,Qka,Xska,1994-01-03,54105081140,Ul. Pska 16,219632552
275,275,Dek,Cski,1998-12-27,41347745080,Ul. Tska 90,770266278
276,276,Aek,Gski,1974-11-23,43652190992,Ul. Sska 81,660237454
277,277,Ska,Gska,1984-07-28,52994704465,Ul. Bska 78,771884322
278,278,Vek,Vski,1981-07-18,42844698808,Ul. Mska 84,723115960
279,279,Qka,Rska,1996-01-05,81345761048,Ul. Dska 26,671711982
280,280,Tek,Jski,1948-05-25,84209193824,Ul. Qska 88,121815107
281,281,Yka,Xska,1978-09-20,72100907632,Ul. Nska 87,681482860
282,282,Bek,Cski,1968-05-04,43389440180,Ul. Nska 48,248304132
283,283,Jek,Fski,1986-02-04,51139059880,Ul. Wska 83,245617532
284,284,Hek,Qski,2008-09-13,54244023595,Ul. Pska 41,575261145
285,285,Ika,Uska,1964-06-01,42178118472,Ul. Xska 68,779291366
286,286,Uek,Eski,1968-08-14,51770087420,Ul. Lska 89,733734127
287,287,Fek,Yski,1990-09-12,43235675884,Ul. Aska 45,886616552
288,288,Vek,Eski,2001-09-17,52385190680,Ul. Oska 39,460212584
289,289,Rek,Qski,1965-10-12,42576809772,Ul. Lska 19,766205929
290,290,Vka,Vska,1982-11-01,71999930191,Ul. Oska 61,728703432
291,291,Ska,Bska,1995-01-21,71111229841,Ul. Eska 91,827578160
292,292,Mka,Iska,1954-03-03,81244043720,Ul. Kska 96,418720676
293,293,Uek,Uski,1975-05-03,52773441405,Ul. Jska 14,868898424
294,294,Rka,Eska,1998-08-09,51214617880,Ul. Lska 56,369005658
295,295,Wka,Kska,2001-02-22,42954006516,Ul. Dska 74,924087272
296,296,Uek,Lski,1959-02-25,83407584584,Ul. Tska 28,113600281
297,297,Hek,Qski,2005-03-12,82563908392,Ul. Tska 48,294361400
298,298,Xek,Jski,1954-05-25,73072730354,Ul. Pska 8,756201026
299,299,Jek,Cski,2007-07-04,71751508873,Ul. Pska 12,212125584
300,300,Fka,Xska,1994-04-15,72928540259,Ul. Aska 70,523957080
301,301,Ska,Uska,1965-01-21,81025864904,Ul. Eska 98,549727505
302,302,Lka,Oska,1944-01-23,53715474905,Ul. Nska 40,516894390
303,303,Aka,Tska,1990-03-25,73128877875,Ul. Aska 37,411024564
304,304,Bek,Xski,1968-03-03,81796208616,Ul. Rska 49,542148710
305,305,Nek,Xski,1986-08-28,74083729654,Ul. Kska 40,830248144
306,306,Kek,Iski,1945-07-03,82709971368,Ul. Nska 48,750876246
307,307,Pek,Pski,1980-08-19,42810585676,Ul. Oska 74,923726172
308,308,Vka,Sska,1943-03-24,52246436715,Ul. Hska 74,833260904
309,309,Uka,Jska,1965-04-10,71353701759,Ul. Yska 91,913717154
310,310,Oka,Eska,1987-12-02,52933603155,Ul. Hska 16,495449664
311,311,Pka,Oska,1953-05-17,52170301995,Ul. Rska 50,242657688
312,312,Lek,Kski,1982-04-26,61114376830,Ul. Bska 87,980789521
313,313,Xka,Uska,1957-10-14,74018583923,Ul. Eska 98,349250421
314,314,Yek,Bski,1949-11-21,72677754950,Ul. Gska 73,274442182
315,315,Oek,Dski,1976-09-27,52894358105,Ul. Uska 55,849456872
316,316,Wek,Pski,1998-07-02,82623457320,Ul. Gska 26,140325139
317,317,Bek,Pski,1960-08-13,42831299972,Ul. Vska 60,932798622
318,318,Mka,Uska,1990-02-26,42904023612,Ul. Mska 89,690343484
319,319,Wka,Vska,1955-01-01,63691860792,Ul. Iska 29,661734226
320,320,Cek,Gski,1965-04-05,83728152080,Ul. Gska 42,181102048
321,321,Oka,Wska,1940-08-13,53532358680,Ul. Rska 84,547904005
322,322,Lek,Pski,1993-09-07,83443496184,Ul. Hska 9,640993056
323,323,Pek,Lski,2009-03-15,72329899288,Ul. Vska 90,857397352
324,324,Pka,Sska,1962-07-12,61167869876,Ul. Cska 56,655946430
325,325,Fka,Wska,1960-10-25,72056211057,Ul. Pska 84,862584696
326,326,Nka,Lska,1984-07-28,61242716268,Ul. Wska 13,855307912
327,327,Jek,Dski,1961-07-28,72993496656,Ul. Sska 6,282700738
328,328,Fek,Eski,1949-06-12,63843943454,Ul. Hska 34,415220908
329,329,Tek,Jski,1985-04-13,81107457280,Ul. Vska 23,344171499
330,330,Dka,Uska,1988-07-12,53765405080,Ul. Dska 34,265506610
331,331,Fka,Bska,1958-04-16,82756027904,Ul. Lska 86,122908857
332,332,Hka,Vska,1950-03-28,61369551900,Ul. Eska 25,558670315
333,333,Jka,Aska,1973-07-09,82569933912,Ul. Qska 70,422415700
334,334,Eek,Pski,1981-07-21,71843835854,Ul. Sska 93,215333324
335,335,Fek,Uski,1950-02-16,63035890170,Ul. Pska 38,542499065
336,336,Pka,Bska,1988-04-12,53482216775,Ul. Cska 17,859301384
337,337,Nka,Yska,1946-02-05,51964938110,Ul. Bska 24,674097614
338,338,Hek,Iski,1989-12-27,43560179676,Ul. Jska 88,637706078
339,339,Rka,Eska,1944-07-07,63437950858,Ul. Wska 32,757544207
340,340,Xek,Bski,1983-12-22,72858745201,Ul. Tska 37,135204406
341,341,Jek,Aski,2002-08-19,51340810290,Ul. Kska 55,867368080
342,342,Xek,Aski,1957-07-04,81363406256,Ul. Wska 7,721906883
343,343,Bka,Uska,1977-01-25,74200272534,Ul. Lska 25,730491490
344,344,Hka,Mska,1961-06-21,82238472064,Ul. Nska 93,876359584
345,345,Oka,Kska,1996-08-19,41272325748,Ul. Qska 87,553533415
346,346,Yek,Vski,1943-04-19,53493220645,Ul. Kska 88,591963965
347,347,Nka,Bska,1964-08-06,64132570038,Ul. Tska 12,690084986
348,348,Qka,Yska,1941-03-09,84273577736,Ul. Rska 46,158015779
349,349,Dek,Jski,1956-03-28,51462906385,Ul. Vska 29,936320186
350,350,Hka,Mska,1982-03-19,51916442665,Ul. Uska 14,734779151
351,351,Lka,Sska,1948-02-17,73879831691,Ul. Tska 17,465352720
352,352,Jek,Wski,1956-06-11,63425764242,Ul. Lska 26,651480304
353,353,Jek,Tski,1977-10-10,73393460886,Ul. Eska 20,349858377
354,354,Hka,Aska,1986-01-02,81292695192,Ul. Tska 38,720959794
355,355,Uek,Hski,1981-01-16,51404220885,Ul. Yska 20,649263056
356,356,Xka,Sska,1972-02-19,62850776460,Ul. Oska 76,138408939
357,357,Gek,Wski,1990-02-18,51914159730,Ul. Sska 42,647663882
358,358,Fek,Xski,1956-06-05,64113990810,Ul. Cska 65,383595307
359,359,Tka,Wska,1963-05-13,42622125584,Ul. Bska 28,280237368
360,360,Oka,Dska,2002-12-27,83836305080,Ul. Xska 49,981229023
361,361,Pek,Dski,1995-03-02,71818652402,Ul. Iska 45,538408825
362,362,Iek,Bski,1940-06-25,71169217668,Ul. Nska 45,586909970
363,363,Qka,Tska,1986-01-04,61320514838,Ul. Dska 71,969388884
364,364,Vka,Aska,1984-12-20,63846188164,Ul. Hska 27,187312039
365,365,Lka,Eska,1965-10-28,43701824080,Ul. Fska 22,558320820
366,366,Aka,Qska,1991-03-13,43376910084,Ul. Bska 23,224453910
367,367,Qka,Lska,1980-05-26,73720639368,Ul. Lska 51,567611515
368,368,Yek,Wski,1954-03-22,73161426121,Ul. Rska 85,334516935
369,369,Kek,Vski,2007-12-21,61692616820,Ul. Bska 17,746548050
370,370,Uek,Mski,1970-11-25,63577534632,Ul. Xska 24,237627722
371,371,Uka,Jska,1980-07-21,52660033825,Ul. Jska 14,495181800
372,372,Dek,Nski,1987-04-22,73741619434,Ul. Cska 91,691909326
373,373,Hek,Uski,1964-01-20,62898474490,Ul. Yska 76,478920676
374,374,Yek,Tski,2001-04-11,42633003936,Ul. Lska 66,884973912
375,375,Qek,Sski,1977-05-15,82974904336,Ul. Kska 68,335020508
376,376,Bek,Oski,1975-05-25,63581038982,Ul. Sska 49,996290000
377,377,Xka,Yska,1958-07-11,43020675528,Ul. Hska 32,353280973
378,378,Qka,Xska,1971-02-14,61528678764,Ul. Xska 20,111202197
379,379,Cka,Wska,1962-03-03,83055204408,Ul. Wska 41,987758752
380,380,Aek,Aski,1974-01-13,82941586816,Ul. Dska 64,423657168
381,381,Pka,Gska,1990-10-23,43340228244,Ul. Vska 19,339184948
382,382,Tek,Mski,1943-06-13,82077460240,Ul. Qska 5,172010309
383,383,Vek,Hski,1945-03-21,41386576380,Ul. Gska 63,624239600
384,384,Qek,Aski,1987-02-01,42802995000,Ul. Qska 67,971485544
385,385,Ska,Oska,1972-05-10,53536476760,Ul. Qska 43,364702559
386,386,Xek,Hski,1939-03-03,83118287304,Ul. Lska 16,818877160
387,387,Xek,Vski,1990-03-12,71860787278,Ul. Yska 5,163014366
388,388,Dek,Pski,1941-03-19,52087366460,Ul. Wska 58,417637576
389,389,Oek,Vski,1960-07-18,43109094340,Ul. Kska 70,360066063
390,390,Qka,Sska,1941-10-10,82039621072,Ul. Xska 95,212151636
391,391,Cka,Sska,1945-04-05,61475395402,Ul. Hska 36,825840288
392,392,Uka,Wska,1950-01-24,83481227256,Ul. Yska 92,290714232
393,393,Eek,Fski,1995-09-10,81568605200,Ul. Eska 68,629097440
394,394,Uek,Fski,1998-12-06,41626509004,Ul. Mska 42,356275699
395,395,Xka,Sska,1953-10-19,63019240412,Ul. Yska 30,260541814
396,396,Qka,Oska,1942-03-24,51647922835,Ul. Lska 14,367392736
397,397,Qek,Aski,1940-05-18,63954743242,Ul. Rska 76,479312812
398,398,Oka,Xska,1960-05-18,72573975189,Ul. Nska 50,878690352
399,399,Qka,Bska,1943-05-15,43590253960,Ul. Fska 9,175428909
400,400,Aek,Qski,1979-04-25,72977565200,Ul. Hska 9,593804250
401,401,Aka,Qska,1949-11-25,62185259084,Ul. Oska 11,338975357
402,402,Bek,Eski,2000-12-08,51322110900,Ul. Cska 95,573095575
403,403,Jka,Fska,1943-08-15,81546160176,Ul. Tska 21,922251910
404,404,Bka,Sska,1978-10-27,71509826324,Ul. Bska 13,230344138
405,405,Dka,Uska,1982-06-20,71053826040,Ul. Qska 19,873014776
406,406,Kek,Cski,1993-12-07,73049829136,Ul. Cska 50,578245555
407,407,Bek,Fski,1988-05-17,52225097685,Ul. Lska 50,895305184
408,408,Hka,Dska,1987-03-07,82780946824,Ul. Nska 46,629361772
409,409,Oek,Rski,1974-09-26,53676401660,Ul. Gska 60,463170660
410,410,Aka,Rska,1960-07-14,83945408560,Ul. Rska 46,747714970
411,411,Nka,Uska,2003-07-20,52779379100,Ul. Cska 80,267550970
412,412,Jek,Aski,2009-10-22,83843543424,Ul. Oska 90,430506680
413,413,Fka,Qska,1942-09-09,42261556068,Ul. Oska 31,798703409
414,414,Dek,Fski,1958-07-04,51742448680,Ul. Jska 60,966219934
415,415,Pek,Qski,1977-01-07,81991511528,Ul. Xska 76,196326119
416,416,Pka,Uska,1984-09-09,41546189116,Ul. Gska 99,125731362
417,417,Yka,Jska,1980-03-21,43698807208,Ul. Eska 18,529590825
418,418,Ika,Nska,1986-11-28,51746414785,Ul. Iska 54,112803801
419,419,Oek,Uski,1959-06-20,52310454060,Ul. Kska 20,483379872
420,420,Jka,Uska,1951-06-20,42865130064,Ul. Iska 49,430308972
421,421,Ika,Bska,1959-04-10,61487388238,Ul. Gska 3,596511655
422,422,Pek,Jski,1987-09-25,61976243674,Ul. Nska 37,624286672
423,423,Hka,Fska,1999-10-04,44103347532,Ul. Mska 71,457513560
424,424,Yka,Fska,1960-04-26,41236051848,Ul. Jska 31,632266588
425,425,Ika,Eska,2003-12-21,82142888936,Ul. Dska 96,139715386
426,426,Tek,Jski,1939-08-13,83287881184,Ul. Iska 77,338072948
427,427,Yek,Kski,1955-12-13,51957468660,Ul. Dska 72,714314347
428,428,Rek,Nski,2008-09-26,64086959546,Ul. Iska 69,711789693
429,429,Lek,Bski,1943-08-03,61223025790,Ul. Qska 6,378086616
430,430,Qek,Nski,1965-01-28,41885989624,Ul. Sska 45,713891931
431,431,Oka,Cska,1966-04-03,72689148260,Ul. Cska 91,390117322
432,432,Dka,Qska,1978-12-05,53436438085,Ul. Nska 91,194208560
433,433,Kka,Dska,1998-02-23,73999724350,Ul. Dska 45,814392120
434,434,Mek,Hski,1990-08-04,73545912947,Ul. Dska 91,241442636
435,435,Vek,Bski,1999-04-09,52802805995,Ul. Gska 1,769037235
436,436,Gka,Fska,1990-11-05,84246165304,Ul. Vska 23,840104912
437,437,Kka,Pska,1995-11-19,52303052350,Ul. Dska 89,275718714
438,438,Pek,Dski,1974-06-28,53836097690,Ul. Hska 69,351039852
439,439,Rek,Nski,1991-06-14,44043811480,Ul. Gska 89,214637264
440,440,Fek,Pski,1980-03-17,72391559514,Ul. Gska 29,952661756
441,441,Aka,Kska,1979-12-13,72567516615,Ul. Dska 52,925935243
442,442,Iek,Wski,1997-06-04,73160000828,Ul. Xska 92,621450312
443,443,Vek,Yski,1993-02-08,61506378780,Ul. Vska 18,539895145
444,444,Mka,Mska,1972-05-24,54003208275,Ul. Rska 85,810964456
445,445,Iek,Cski,1960-08-18,43494222952,Ul. Wska 9,790853720
446,446,Gka,Rska,1951-10-05,54181625385,Ul. Vska 25,658524536
447,447,Mek,Oski,1984-11-21,73281838269,Ul. Mska 13,281726612
448,448,Eek,Sski,1995-06-02,74256924602,Ul. Iska 97,614824510
449,449,Ika,Pska,1969-02-16,61979510614,Ul. Lska 59,980089037
450,450,Gka,Eska,1965-02-15,81471440032,Ul. Wska 17,432827132
451,451,Kka,Yska,2003-04-10,73003302027,Ul. Fska 91,996757004
452,452,Qek,Vski,1963-08-07,64256142930,Ul. Nska 48,674288830
453,453,Cka,Tska,1949-02-13,61087394760,Ul. Yska 26,312577547
454,454,Bka,Sska,1941-10-17,42689014504,Ul. Hska 72,367664428
455,455,Dka,Oska,1994-01-11,53587965280,Ul. Uska 30,441134252
456,456,Pek,Jski,1973-05-09,43750505676,Ul. Iska 80,755214359
457,457,Xek,Vski,1943-07-27,73688245059,Ul. Yska 82,592054740
458,458,Qek,Yski,1950-06-26,62665195306,Ul. Mska 53,258564922
459,459,Tek,Rski,1961-10-11,83709822704,Ul. Kska 63,619367842
460,460,Mek,Uski,1995-09-05,72452600779,Ul. Gska 31,541330835
461,461,Oka,Mska,2006-04-04,71593045432,Ul. Dska 32,286916314
462,462,Wek,Lski,1996-03-15,52126140220,Ul. Hska 28,460907112
463,463,Bka,Bska,1982-12-22,62700365796,Ul. Cska 33,864107704
464,464,Yka,Bska,1954-10-03,43405151196,Ul. Oska 89,792206776
465,465,Fka,Pska,1966-09-14,62777217946,Ul. Qska 12,247560126
466,466,Gka,Mska,1946-02-22,52254840805,Ul. Eska 51,318425890
467,467,Kek,Qski,1967-05-01,44222525076,Ul. Cska 57,768045817
468,468,Qek,Fski,1976-01-12,52011590445,Ul. Mska 96,490888544
469,469,Lka,Mska,1994-01-14,71672987304,Ul. Qska 48,521863310
470,470,Oka,Tska,1959-10-19,81299071736,Ul. Mska 79,966733975
471,471,Mek,Iski,1948-07-27,82331833104,Ul. Hska 53,765484065
472,472,Oka,Vska,1992-06-17,83328158064,Ul. Aska 87,517917520
473,473,Iek,Bski,2000-03-23,83936973848,Ul. Lska 32,562195065
474,474,Oek,Cski,1977-12-11,53056693940,Ul. Lska 35,541433160
475,475,Gek,Fski,1966-06-23,52353150240,Ul. Tska 90,429201632
476,476,Nka,Rska,1950-02-16,62083459574,Ul. Hska 60,274728892
477,477,Cka,Iska,1957-04-02,44113617724,Ul. Xska 50,472818436
478,478,Yek,Pski,1941-04-19,51196813140,Ul. Mska 93,392506984
479,479,Tek,Mski,1995-09-18,51206308190,Ul. Hska 77,831995328
480,480,Tka,Xska,1944-04-20,44067819248,Ul. Rska 95,630171622
481,481,Wka,Aska,1956-05-13,81393409280,Ul. Pska 36,710404540
482,482,Eek,Jski,1975-11-19,51671989540,Ul. Sska 20,193704138
483,483,Oek,Nski,1974-11-08,72550108593,Ul. Uska 94,370424972
484,484,Gka,Fska,1986-11-27,63693841984,Ul. Xska 3,122906320
485,485,Uka,Aska,1984-07-19,51032201920,Ul. Vska 73,421921844
486,486,Tka,Cska,1958-01-14,41303906176,Ul. Aska 34,272039770
487,487,Pka,Lska,1989-08-25,71202914508,Ul. Jska 54,841454048
488,488,Gek,Sski,1979-01-22,72928371598,Ul. Sska 10,257536324
489,489,Cka,Mska,1973-06-24,81437212904,Ul. Kska 30,766377371
490,490,Yek,Vski,1983-07-15,41185406576,Ul. Kska 21,718806741
491,491,Oka,Jska,1958-12-28,72382025984,Ul. Sska 16,140617172
492,492,Dka,Wska,1947-08-09,42780065224,Ul. Mska 85,495691348
493,493,Lek,Cski,1966-07-20,62959125626,Ul. Rska 26,925554746
494,494,Mek,Cski,1952-08-20,62468307032,Ul. Nska 69,392490444
495,495,Hka,Fska,1975-12-01,73669099911,Ul. Fska 12,774593702
496,496,Iek,Rski,2005-06-17,53389547580,Ul. Cska 7,151613881
497,497,Kka,Uska,1973-08-03,82351967488,Ul. Dska 52,111606333
498,498,Dek,Iski,1996-06-05,84201619864,Ul. Eska 63,244936726
499,499,Tka,Pska,1940-10-13,81958838552,Ul. Cska 37,486132208
500,500,Nek,Iski,2008-10-20,62889368934,Ul. Tska 58,112421300
501,501,Uka,Vska,1951-10-16,52383184950,Ul. Hska 5,880942736
502,502,Dek,Wski,1987-04-07,73214809179,Ul. Vska 89,948005750
503,503,Xek,Mski,1984-12-02,42458866524,Ul. Hska 63,951004858
504,504,Gka,Rska,1967-10-18,71590599843,Ul. Eska 66,312757834
505,505,Hka,Fska,2005-02-04,53836064245,Ul. Vska 83,324939519
506,506,Jka,Qska,1986-11-03,82605398936,Ul. Hska 3,434410816
507,507,Lka,Tska,1971-10-26,63521133332,Ul. Uska 87,999788198
508,508,Tka,Wska,1941-10-08,61661580736,Ul. Lska 77,210836424
509,509,Dka,Fska,1975-03-05,62833052304,Ul. Eska 4,184107761
510,510,Gka,Bska,1992-04-02,72612058067,Ul. Mska 14,130009688
511,511,Yka,Nska,1989-07-19,43182496128,Ul. Uska 28,586405085
512,512,Qek,Xski,1955-10-23,72303859353,Ul. Qska 72,928520447
513,513,Hka,Nska,1945-05-10,43315984780,Ul. Bska 61,798802501
514,514,Vka,Gska,1994-10-13,63366330074,Ul. Gska 28,829055248
515,515,Vka,Nska,1948-07-06,81200609104,Ul. Uska 53,881675064
516,516,Yka,Pska,1943-09-16,83527054776,Ul. Tska 14,191019644
517,517,Aek,Sski,1956-05-28,82083540512,Ul. Eska 30,833241384
518,518,Dka,Oska,1995-03-21,83139828992,Ul. Pska 7,859101304
519,519,Eka,Bska,1959-07-18,83136380456,Ul. Vska 40,134102248
520,520,Kka,Gska,1986-03-11,42142417468,Ul. Gska 36,362084852
521,521,Xek,Yski,1951-01-25,72089999351,Ul. Kska 90,457929780
522,522,Dka,Jska,1977-01-10,81914552256,Ul. Iska 80,471814300
523,523,Hek,Jski,1987-10-04,43548351848,Ul. Qska 90,140320503
524,524,Gek,Mski,1991-12-18,52912857420,Ul. Vska 67,125817139
525,525,Bek,Oski,1958-03-15,61577409404,Ul. Sska 13,568825985
526,526,Xka,Vska,1997-11-22,63725894266,Ul. Aska 91,669505288
527,527,Sek,Uski,1984-08-27,54001466860,Ul. Vska 60,620653438
528,528,Qek,Gski,1991-12-18,42256553788,Ul. Pska 99,928525595
529,529,Rek,Cski,1941-03-15,71641840203,Ul. Hska 55,551552935
530,530,Qka,Mska,1965-08-13,61392371306,Ul. Iska 68,290011820
531,531,Pek,Qski,1952-04-24,43634070216,Ul. Dska 43,782347635
532,532,Vka,Vska,2000-05-10,73493928889,Ul. Wska 80,528681920
533,533,Iek,Eski,1998-04-21,52737546840,Ul. Wska 19,543696625
534,534,Gka,Pska,2006-05-20,82613753136,Ul. Tska 58,141719227
535,535,Pka,Iska,1989-01-25,71602532629,Ul. Dska 85,526355195
536,536,Cka,Xska,1979-05-21,71370751919,Ul. Pska 56,615984632
537,537,Eka,Tska,1949-02-12,43231332300,Ul. Mska 31,118530213
538,538,Pka,Cska,1989-09-16,72413967669,Ul. Tska 69,119104142
539,539,Oka,Kska,1969-07-27,51573636100,Ul. Eska 44,742401712
540,540,Ika,Xska,1962-07-22,81400056784,Ul. Mska 46,219000694
541,541,Pek,Oski,1999-07-08,73281310635,Ul. Tska 65,718661768
542,542,Wka,Qska,1979-06-07,83505369960,Ul. Fska 78,578262835
543,543,Pka,Bska,1957-05-14,51882215575,Ul. Qska 71,810857072
544,544,Pek,Cski,1948-09-24,81928382120,Ul. Bska 57,638196228
545,545,Kek,Rski,1992-08-10,74208525722,Ul. Kska 3,249738688
546,546,Ska,Tska,1946-04-08,42656408692,Ul. Nska 52,249826270
547,547,Rek,Jski,1957-10-06,74119687404,Ul. Pska 43,998294246
548,548,Eka,Oska,1990-01-02,61189333960,Ul. Lska 28,825087848
549,549,Pka,Nska,1957-03-17,53364764025,Ul. Hska 29,226836280
550,550,Eka,Kska,1990-10-09,42045728936,Ul. Qska 23,648508324
551,551,Bek,Rski,1995-11-27,64108968340,Ul. Tska 31,410718172
552,552,Dek,Yski,1988-03-10,73127385757,Ul. Cska 26,756864841
553,553,Gek,Vski,1959-05-13,84155811304,Ul. Oska 70,116708252
554,554,Qek,Lski,1956-03-26,73002530786,Ul. Aska 87,265302110
555,555,Fka,Eska,2001-09-11,41314343248,Ul. Wska 3,472839900
556,556,Sek,Hski,1960-07-25,72332169643,Ul. Vska 64,424544108
557,557,Vek,Eski,1962-08-25,61895865174,Ul. Mska 61,130017768
558,558,Bek,Cski,1961-09-17,81796247128,Ul. Vska 62,344797299
559,559,Qka,Wska,1961-01-28,43742427676,Ul. Nska 60,816129336
560,560,Mka,Bska,2006-09-11,63788789760,Ul. Eska 71,576784990
561,561,Aka,Qska,1986-11-23,71203814345,Ul. Nska 62,860002888
562,562,Dka,Eska,1982-01-18,43855540580,Ul. Uska 55,630951492
563,563,Oek,Kski,1987-09-18,42125115168,Ul. Cska 24,170526241
564,564,Dek,Wski,1992-06-25,52077978255,Ul. Pska 86,975153486
565,565,Hek,Wski,1969-03-01,82678348528,Ul. Hska 99,427073840
566,566,Hek,Oski,1949-04-03,83994925576,Ul. Sska 90,540223025
567,567,Gek,Rski,1982-11-15,41855255364,Ul. Mska 42,665463120
568,568,Wka,Sska,2008-02-08,51945854140,Ul. Wska 99,740761180
569,569,Bek,Vski,1943-06-12,51450937850,Ul. Pska 55,839067328
570,570,Kka,Lska,1965-09-07,41452135336,Ul. Iska 64,586268685
571,571,Aek,Kski,1940-03-24,61265804146,Ul. Sska 51,811163360
572,572,Rek,Fski,1973-11-06,41599577320,Ul. Cska 30,815290104
573,573,Lek,Uski,1964-08-26,74172145633,Ul. Wska 82,995614310
574,574,Mka,Lska,1970-02-05,73870798553,Ul. Oska 35,525149210
575,575,Eek,Uski,1985-08-13,61446787620,Ul. Nska 62,370979698
576,576,Nka,Dska,1941-07-18,64265969164,Ul. Gska 29,232522268
577,577,Jka,Dska,1955-08-10,62169633204,Ul. Dska 75,835616712
578,578,Pka,Yska,1949-07-19,73836927020,Ul. Iska 60,680056582
579,579,Lka,Jska,1939-06-10,51726421075,Ul. Vska 88,369390189
580,580,Aka,Iska,1974-04-10,52306352220,Ul. Pska 45,423011680
581,581,Lka,Dska,1986-06-21,52360503785,Ul. Fska 57,655080196
582,582,Pka,Bska,1970-04-02,43340466648,Ul. Uska 64,924931535
583,583,Hka,Pska,1968-07-06,43755751276,Ul. Oska 21,837181232
584,584,Kek,Tski,1957-01-03,42702250068,Ul. Wska 97,948350211
585,585,Xek,Qski,1999-05-28,51228106790,Ul. Tska 19,474720876
586,586,Wka,Kska,1965-02-27,44238668456,Ul. Wska 40,325451471
587,587,Ika,Xska,2005-03-10,61254659834,Ul. Dska 13,547517045
588,588,Yka,Mska,1948-12-01,62158298424,Ul. Yska 12,412740272
589,589,Vek,Qski,1972-04-15,83447107240,Ul. Sska 94,347888974
590,590,Xka,Cska,1939-08-21,64045433980,Ul. Vska 3,515817855
591,591,Dek,Fski,1941-06-01,61298259724,Ul. Yska 44,713999507
592,592,Iek,Tski,1983-07-01,63576415018,Ul. Mska 77,919301915
593,593,Hek,Cski,1960-07-10,43233138128,Ul. Wska 65,392278543
594,594,Dka,Cska,1944-04-28,83598023728,Ul. Vska 63,690487234
595,595,Xka,Xska,1976-03-03,71777245297,Ul. Kska 80,426105440
596,596,Ika,Dska,1965-10-21,51809682790,Ul. Fska 51,168916590
597,597,Eka,Gska,1959-05-12,63786416182,Ul. Yska 8,655304652
598,598,Aka,Eska,2007-09-02,53665588715,Ul. Pska 49,520849500
599,599,Gka,Gska,1993-09-20,63671922676,Ul. Vska 99,927217908
600,600,Oek,Qski,1950-06-17,64230867950,Ul. Qska 90,213011706
601,601,Ska,Dska,1977-02-03,62737657438,Ul. Vska 82,363753958
602,602,Gka,Pska,1987-12-15,73604670772,Ul. Pska 63,790926534
603,603,Yek,Wski,1983-04-28,72437890790,Ul. Xska 44,867460680
604,604,Hka,Cska,1993-09-26,64199520072,Ul. Mska 38,672223502
605,605,Oek,Kski,1995-08-20,42580678928,Ul. Qska 51,766003028
606,606,Oka,Eska,1944-09-04,82063379128,Ul. Vska 78,777818701
607,607,Mka,Qska,1960-03-19,71101104606,Ul. Yska 7,811962408
608,608,Dek,Sski,1997-07-17,42449324544,Ul. Tska 20,839950296
609,609,Jek,Wski,1996-08-01,73491201262,Ul. Oska 44,946687137
610,610,Qek,Cski,1964-01-17,53010115670,Ul. Vska 65,560508045
611,611,Ika,Nska,1956-02-05,52462636810,Ul. Yska 68,990222068
612,612,Lka,Cska,1981-09-27,61034974316,Ul. Oska 13,165024968
613,613,Mka,Tska,1986-08-16,41470689832,Ul. Fska 46,444704956
614,614,Dek,Mski,1948-09-28,84150220648,Ul. Eska 64,997915389
615,615,Ika,Lska,1971-07-09,43350135620,Ul. Pska 51,851466528
616,616,Pek,Tski,1956-05-28,52601393345,Ul. Cska 18,677575366
617,617,Tek,Aski,1942-09-11,71646210089,Ul. Wska 43,938758257
618,618,Dek,Dski,1995-11-21,73773188048,Ul. Yska 92,770397232
619,619,Fka,Wska,1951-02-16,54027939490,Ul. Kska 35,334850133
620,620,Ika,Dska,1962-11-22,71872706062,Ul. Bska 95,676820676
621,621,Xek,Fski,2001-09-20,84125750088,Ul. Iska 86,425254796
622,622,Wek,Yski,1970-06-19,53094673980,Ul. Iska 84,151907186
623,623,Tka,Mska,1983-11-01,83267569072,Ul. Pska 91,537403405
624,624,Rka,Mska,1980-09-17,72125485115,Ul. Jska 23,436653220
625,625,Yka,Dska,1946-07-05,71733109802,Ul. Nska 5,357716755
626,626,Lka,Mska,1979-09-24,74094807427,Ul. Rska 80,719198275
627,627,Oka,Nska,2006-09-20,42021201784,Ul. Iska 61,189516315
628,628,Qka,Lska,1961-08-23,64218458970,Ul. Cska 97,919621886
629,629,Rka,Xska,1979-08-07,52727481280,Ul. Qska 52,227844702
630,630,Lka,Cska,2009-08-07,42848285500,Ul. Dska 38,965756529
631,631,Oek,Mski,1971-11-25,82591369984,Ul. Qska 78,174605972
632,632,Vka,Uska,2000-07-03,84225944832,Ul. Uska 70,773379417
633,633,Kka,Cska,1951-02-13,63143042072,Ul. Rska 91,735734825
634,634,Mek,Nski,2001-12-04,51287408635,Ul. Iska 93,669917018
635,635,Bek,Yski,1975-02-08,73291237935,Ul. Lska 11,695048032
636,636,Dek,Aski,1983-02-20,62946875726,Ul. Vska 31,469214880
637,637,Oek,Gski,1958-09-24,53774242510,Ul. Nska 21,358457963
638,638,Qka,Nska,1969-10-04,71353207735,Ul. Dska 54,797620160
639,639,Nka,Rska,1963-02-13,61709898580,Ul. Oska 65,883925688
640,640,Bek,Kski,1990-09-10,71080318571,Ul. Xska 9,454001988
641,641,Mka,Jska,1977-12-19,62995106572,Ul. Xska 26,575246100
642,642,Rka,Bska,2003-02-03,61193863404,Ul. Qska 31,741925594
643,643,Cka,Oska,1948-02-27,63300872350,Ul. Gska 4,773729180
644,644,Dek,Eski,1970-04-01,53000632790,Ul. Cska 30,142409177
645,645,Xek,Uski,1960-11-10,81457122616,Ul. Gska 83,111428800
646,646,Tka,Uska,1951-07-08,43240208180,Ul. Uska 7,335457792
647,647,Lek,Jski,1976-07-11,72527574137,Ul. Cska 19,682841462
648,648,Kka,Wska,1958-04-07,82921022616,Ul. Uska 5,824273216
649,649,Nka,Kska,1961-01-17,62280452232,Ul. Mska 95,794026306
650,650,Pek,Yski,1948-11-09,71394650519,Ul. Xska 44,945716128
651,651,Tka,Uska,1951-06-25,42101966936,Ul. Lska 31,918049336
652,652,Oek,Nski,1993-05-12,72595696259,Ul. Pska 52,284258996
653,653,Pek,Vski,1975-02-24,63464520678,Ul. Rska 57,947441796
654,654,Gka,Kska,2008-06-02,83033533368,Ul. Rska 28,997543326
655,655,Eka,Gska,1946-12-16,61502836374,Ul. Yska 34,876308328
656,656,Lek,Rski,1968-04-26,71579357255,Ul. Pska 62,921796200
657,657,Oek,Vski,1971-08-02,62175510248,Ul. Lska 70,147916332
658,658,Dka,Pska,1949-12-01,53905974310,Ul. Vska 48,955747997
659,659,Lka,Fska,2009-04-08,43925845688,Ul. Tska 70,293043282
660,660,Jek,Jski,1996-04-21,62641795748,Ul. Dska 97,523708800
661,661,Yek,Dski,1947-11-01,81082294552,Ul. Iska 91,596114415
662,662,Pka,Dska,2008-10-02,81126750440,Ul. Kska 18,295257060
663,663,Oek,Vski,1951-02-21,82345245192,Ul. Bska 46,283448686
664,664,Yek,Hski,1981-11-03,52845842210,Ul. Oska 32,156822442
665,665,Mka,Aska,1996-07-26,73633365641,Ul. Sska 12,622687528
666,666,Tka,Vska,1968-11-02,41662061428,Ul. Pska 31,922049130
667,667,Xek,Hski,1979-11-11,53665928480,Ul. Gska 90,828617296
668,668,Ika,Jska,1993-08-19,63057827090,Ul. Aska 22,662724984
669,669,Pka,Aska,1980-02-20,41551089076,Ul. Kska 85,894323880
670,670,Rek,Fski,1951-01-21,83373058664,Ul. Eska 57,491951148
671,671,Ika,Wska,1991-06-05,52498217565,Ul. Iska 39,168208248
672,672,Jek,Yski,1988-01-07,73122190064,Ul. Dska 26,882586760
673,673,Pka,Iska,1950-05-28,83696086352,Ul. Nska 86,558701435
674,674,Kka,Fska,1988-12-03,61043775494,Ul. Rska 72,755341384
675,675,Eka,Mska,1975-07-09,42852317728,Ul. Mska 71,777365088
676,676,Gek,Kski,1949-01-16,42360217664,Ul. Aska 46,498490224
677,677,Cek,Lski,1960-06-16,41442721600,Ul. Rska 4,162028400
678,678,Yek,Iski,1990-12-17,81013099392,Ul. Eska 25,157624152
679,679,Jek,Cski,1976-11-09,62561474622,Ul. Bska 66,415818548
680,680,Kek,Wski,1957-09-07,82118365824,Ul. Vska 25,556417240
681,681,Dka,Lska,2005-06-22,51639547465,Ul. Fska 78,184105202
682,682,Rek,Vski,1990-01-26,51807268300,Ul. Oska 49,869862992
683,683,Ika,Oska,1993-01-25,82689204808,Ul. Nska 15,267224584
684,684,Dek,Nski,1975-12-20,53808275835,Ul. Kska 67,547959350
685,685,Cka,Nska,1939-03-16,82634658600,Ul. Pska 79,570904300
686,686,Vka,Bska,1954-04-18,63036219742,Ul. Lska 3,241714288
687,687,Ika,Nska,1995-02-10,82602607184,Ul. Sska 55,881127936
688,688,Hek,Wski,2003-01-01,52443940815,Ul. Dska 1,948578649
689,689,Lek,Hski,1975-04-11,51840482155,Ul. Bska 5,999593446
690,690,Tka,Uska,1981-06-07,83229845200,Ul. Mska 53,198315642
691,691,Fek,Cski,2002-10-19,53644518585,Ul. Lska 54,113718722
692,692,Lek,Gski,1971-06-13,41886318384,Ul. Mska 77,954407963
693,693,Gek,Aski,1944-02-14,42069995532,Ul. Oska 36,316275357
694,694,Oka,Mska,2005-05-21,53000406985,Ul. Fska 94,368528539
695,695,Yek,Dski,1980-12-12,71748863576,Ul. Aska 23,337001236
696,696,Kka,Rska,1981-05-27,72644824483,Ul. Xska 17,330697725
697,697,Xek,Rski,1976-11-23,63536484900,Ul. Gska 21,257160752
698,698,Qek,Pski,1944-04-14,53698217145,Ul. Dska 4,821226552
699,699,Uek,Oski,1977-01-25,61763516160,Ul. Rska 68,821957504
700,700,Qek,Oski,1989-01-15,61556316640,Ul. Nska 71,874921000
701,701,Qek,Xski,1993-03-03,41178327420,Ul. Yska 94,632567728
702,702,Lka,Gska,1962-11-28,81561943712,Ul. Lska 34,648885848
703,703,Xka,Lska,1982-09-25,71053410682,Ul. Nska 88,914727565
704,704,Aka,Gska,1966-04-26,53345735605,Ul. Wska 49,729533686
705,705,Dka,Mska,1992-02-16,73693057857,Ul. Jska 41,879646344
706,706,Iek,Tski,1969-09-24,83577491336,Ul. Tska 52,924299216
707,707,Yek,Yski,1944-07-06,81366900256,Ul. Xska 96,671450564
708,708,Lek,Lski,1984-12-01,51462505165,Ul. Dska 58,751221961
709,709,Kka,Lska,1951-02-05,62189143980,Ul. Dska 88,368742933
710,710,Aka,Fska,1986-11-03,42787514168,Ul. Cska 1,738809170
711,711,Sek,Sski,1975-04-14,43087101548,Ul. Qska 88,476404180
712,712,Iek,Nski,1959-08-04,53566536290,Ul. Lska 96,953414625
713,713,Oek,Qski,1998-11-02,63147642050,Ul. Fska 46,767417850
714,714,Rek,Cski,1987-05-08,41523079044,Ul. Tska 8,925369497
715,715,Lek,Sski,2009-05-13,51534008225,Ul. Bska 48,492233196
716,716,Uka,Mska,2005-06-17,53354134795,Ul. Tska 78,815573344
717,717,Jek,Aski,1999-08-14,51168797070,Ul. Yska 74,490826252
718,718,Xka,Bska,1970-09-11,83915502144,Ul. Hska 30,645750874
719,719,Xka,Uska,1991-12-15,41696532712,Ul. Jska 84,977000243
720,720,Pek,Gski,1950-09-08,43586570092,Ul. Nska 92,162507442
721,721,Iek,Xski,1986-01-07,72923287362,Ul. Jska 96,987004743
722,722,Jek,Qski,1973-09-19,43903166492,Ul. Pska 37,642487864
723,723,Dek,Jski,1989-01-05,42246021076,Ul. Iska 15,680501956
724,724,Cek,Oski,2008-11-03,51843342195,Ul. Sska 11,728315080
725,725,Lek,Jski,1995-10-07,73994635154,Ul. Eska 46,946268786
726,726,Jek,Bski,1984-12-10,71499733917,Ul. Dska 28,986365950
727,727,Lek,Hski,1956-11-06,81257048304,Ul. Sska 76,464310904
728,728,Jek,Dski,1966-02-21,71260559465,Ul. Kska 17,647062382
729,729,Jka,Uska,1986-04-15,63818990108,Ul. Iska 47,926975563
730,730,Fka,Vska,1997-12-02,71450403297,Ul. Gska 86,165625888
731,731,Ika,Cska,1966-11-14,73977538472,Ul. Fska 84,783141603
732,732,Nek,Rski,1949-08-13,63658391928,Ul. Mska 90,419351456
733,733,Nka,Tska,1986-01-09,53008222350,Ul. Eska 45,937252163
734,734,Xek,Jski,1943-10-20,64106044046,Ul. Uska 79,748769559
735,735,Bka,Cska,1969-05-08,83154907440,Ul. Aska 19,348174319
736,736,Rek,Cski,1957-01-10,41437770020,Ul. Hska 11,312975315
737,737,Yka,Vska,1978-07-04,42723793616,Ul. Hska 56,737859950
738,738,Xek,Bski,1941-12-02,51620825660,Ul. Jska 86,970366661
739,739,Hka,Pska,1953-04-14,74009304064,Ul. Iska 55,693532784
740,740,Wka,Lska,1946-10-11,61018047178,Ul. Tska 17,643668120
741,741,Vek,Bski,1984-01-01,52819888440,Ul. Yska 75,548585950
742,742,Aka,Wska,1949-08-02,62413183198,Ul. Jska 68,719145367
743,743,Rek,Jski,1965-09-14,52101256165,Ul. Aska 29,942830815
744,744,Nka,Cska,1994-02-11,82446225248,Ul. Xska 87,856736384
745,745,Vka,Xska,1990-04-26,72036539195,Ul. Iska 1,367511787
746,746,Mek,Uski,1968-12-08,41969261888,Ul. Cska 71,183314001
747,747,Uek,Kski,1989-05-16,82572018568,Ul. Bska 43,520521990
748,748,Yek,Lski,1985-11-23,53991367150,Ul. Kska 70,789607156
749,749,Pka,Aska,1988-06-20,83515232088,Ul. Qska 16,263444706
750,750,Jka,Qska,1959-08-14,61569390858,Ul. Kska 79,451978028
751,751,Ska,Cska,1953-10-08,72106240082,Ul. Pska 4,688877160
752,752,Qek,Eski,1972-07-13,52235913050,Ul. Tska 44,948793301
753,753,Tek,Iski,1982-07-19,52703580045,Ul. Vska 89,646988848
754,754,Mka,Uska,1980-07-28,72847763441,Ul. Hska 87,671841298
755,755,Jka,Mska,1986-08-23,72437741531,Ul. Pska 1,337225119
756,756,Wka,Yska,1972-02-21,74042161831,Ul. Nska 19,498096756
757,757,Lek,Pski,2003-01-07,83521880016,Ul. Hska 30,368829604
758,758,Aka,Qska,1981-04-24,51123714180,Ul. Eska 24,933693527
759,759,Jek,Hski,1998-10-20,72962699267,Ul. Qska 27,322053718
760,760,Iek,Sski,1989-08-16,81247299608,Ul. Fska 76,466599856
761,761,Ska,Kska,1997-10-02,63808881948,Ul. Aska 69,354693210
762,762,Xek,Dski,2003-09-17,73718532396,Ul. Aska 7,612937602
763,763,Uek,Iski,1992-01-14,71956137016,Ul. Sska 25,759192050
764,764,Yek,Eski,1943-02-04,43110901460,Ul. Cska 39,324496768
765,765,Wek,Qski,1997-03-27,62477525622,Ul. Uska 81,894409064
766,766,Fka,Uska,1999-12-01,61168603942,Ul. Xska 39,943467004
767,767,Xka,Xska,1996-09-03,53112842875,Ul. Dska 85,675382896
768,768,Jek,Sski,1940-12-08,61999711354,Ul. Xska 89,343060288
769,769,Mka,Nska,1980-04-07,82164238728,Ul. Yska 47,252926516
770,770,Rek,Sski,1950-09-01,62744842582,Ul. Mska 39,526344635
771,771,Oek,Vski,1939-09-13,81198312288,Ul. Yska 70,576974025
772,772,Uka,Lska,2004-06-22,43375479924,Ul. Mska 19,857453328
773,773,Aek,Vski,1991-05-28,74096341006,Ul. Kska 47,816948312
774,774,Aka,Bska,1978-11-03,61931436122,Ul. Tska 9,489653956
775,775,Cka,Vska,1952-02-13,42515854752,Ul. Nska 80,250664314
776,776,Xka,Qska,1961-02-18,42130082156,Ul. Dska 13,572755795
777,777,Pka,Tska,1981-05-20,71730395949,Ul. Yska 96,589705415
778,778,Cka,Fska,2008-05-01,82934457040,Ul. Lska 43,636837956
779,779,Xek,Uski,1974-01-18,51547171185,Ul. Nska 63,768039508
780,780,Rka,Hska,1971-05-19,73563445598,Ul. Eska 78,284762248
781,781,Tka,Cska,2008-08-25,72652875924,Ul. Qska 24,574239910
782,782,Ska,Yska,1943-01-14,43363829708,Ul. Gska 73,594808825
783,783,Pek,Wski,1956-08-28,82238168664,Ul. Rska 44,385050259
784,784,Lka,Hska,2003-08-27,73813011225,Ul. Jska 8,525537605
785,785,Tka,Aska,1990-04-21,43376866432,Ul. Fska 70,987399216
786,786,Eek,Nski,2009-04-22,41900204676,Ul. Kska 45,912819592
787,787,Bek,Dski,1959-04-16,42011605656,Ul. Bska 15,176002864
788,788,Lek,Pski,1987-07-05,41820458308,Ul. Xska 77,237613736
789,789,Mka,Yska,1994-01-02,62232373394,Ul. Qska 48,718846475
790,790,Oek,Fski,1947-03-27,51456424955,Ul. Lska 43,847901264
791,791,Ska,Hska,1999-10-05,64043208370,Ul. Xska 42,292132388
792,792,Lek,Sski,1945-09-09,43519784856,Ul. Cska 85,831245160
793,793,Dek,Fski,1961-11-12,81195610768,Ul. Vska 15,781425624
794,794,Oek,Nski,1961-01-20,61280282556,Ul. Lska 43,424824524
795,795,Bka,Lska,1983-03-06,52093017680,Ul. Sska 28,511658485
796,796,Uka,Kska,1950-05-20,61853781422,Ul. Mska 30,740463175
797,797,Lek,Uski,1978-05-08,63214777568,Ul. Xska 5,661098244
798,798,Xek,Mski,1965-12-12,44211857944,Ul. Kska 9,539249460
799,799,Sek,Bski,1954-10-20,63429789544,Ul. Eska 95,620995418
800,800,Kka,Uska,1979-10-27,61441118146,Ul. Cska 17,574558445
801,801,Aek,Wski,1986-06-09,61751973404,Ul. Tska 80,325367299
802,802,Pka,Hska,1958-04-26,43052034816,Ul. Xska 24,751175642
803,803,Gka,Jska,1965-07-12,61375953094,Ul. Qska 19,379563930
804,804,Gek,Wski,1959-08-14,62691596432,Ul. Cska 15,455981480
805,805,Ika,Hska,1987-05-27,51864954560,Ul. Nska 38,780913736
806,806,Ska,Lska,1943-09-12,81745805400,Ul. Lska 57,936812878
807,807,Bka,Lska,1963-12-15,42327909244,Ul. Hska 89,621494058
808,808,Yka,Kska,1963-04-08,41075971652,Ul. Sska 43,652600734
809,809,Sek,Mski,1949-07-18,64014802654,Ul. Fska 37,130702140
810,810,Dek,Iski,1993-04-18,72569322178,Ul. Jska 74,556963205
811,811,Eka,Tska,1985-10-19,72395897078,Ul. Fska 22,872405672
812,812,Dek,Gski,2009-06-23,41551887060,Ul. Gska 91,850604272
813,813,Iek,Jski,1968-06-10,43029740568,Ul. Mska 71,426005132
814,814,Dek,Jski,1962-04-15,41919807560,Ul. Iska 80,810451800
815,815,Uek,Yski,1952-03-04,72136840952,Ul. Nska 88,120010617
816,816,Ska,Qska,1994-06-14,42269278056,Ul. Qska 91,847708664
817,817,Rek,Hski,1984-10-15,82223194872,Ul. Vska 84,748224481
818,818,Hek,Sski,2007-02-09,61258975332,Ul. Yska 97,112205634
819,819,Xek,Yski,1997-11-24,43674673048,Ul. Gska 5,484202872
820,820,Ika,Eska,1985-02-18,43261630208,Ul. Xska 10,752648356
821,821,Mek,Tski,1978-02-12,53345429695,Ul. Xska 10,865701904
822,822,Vka,Eska,1988-03-27,73720151844,Ul. Eska 91,168129450
823,823,Gek,Rski,1940-01-13,73314622421,Ul. Nska 42,878335848
824,824,Gek,Vski,1957-04-02,54078194895,Ul. Mska 88,227761918
825,825,Cek,Tski,1959-09-10,51860814875,Ul. Rska 62,586232725
826,826,Rek,Cski,1958-11-24,82935283800,Ul. Hska 20,428108800
827,827,Vka,Iska,1989-10-17,42589363556,Ul. Uska 81,194212736
828,828,Uka,Cska,1971-11-25,53463771375,Ul. Fska 23,652736498
829,829,Bek,Pski,2003-03-24,53933895180,Ul. Jska 58,650185140
830,830,Yek,Hski,1947-11-08,83399130032,Ul. Yska 33,698616956
831,831,Bka,Fska,1996-03-01,41692807300,Ul. Yska 6,898142944
832,832,Vka,Pska,1986-01-19,51086869625,Ul. Rska 70,147923883
833,833,Uek,Aski,1995-12-27,72863226380,Ul. Vska 71,890673120
834,834,Qka,Tska,1975-10-08,53560060970,Ul. Pska 5,567776170
835,835,Tek,Uski,2006-01-17,51514930510,Ul. Pska 25,851076424
836,836,Bka,Bska,1944-05-20,51315319885,Ul. Xska 2,390364353
837,837,Oek,Fski,2008-10-13,53440722335,Ul. Xska 35,422398356
838,838,Eka,Sska,1976-01-27,63897366108,Ul. Mska 95,725271631
839,839,Qka,Lska,1968-06-25,71172611946,Ul. Sska 49,137609907
840,840,Gek,Mski,2003-12-14,82656739168,Ul. Wska 91,592501895
841,841,Uek,Pski,1964-09-04,82483505408,Ul. Rska 75,575858065
842,842,Fka,Jska,2001-01-18,73939240084,Ul. Aska 67,326501872
843,843,Jek,Vski,1993-11-04,64138500858,Ul. Jska 80,232754836
844,844,Gek,Nski,1980-01-09,72353579074,Ul. Nska 43,787628735
845,845,Hek,Qski,2002-04-21,84178946584,Ul. Cska 81,757668425
846,846,Nka,Dska,2008-09-17,61326941490,Ul. Aska 22,465918556
847,847,Uek,Jski,1941-06-14,43485671704,Ul. Lska 66,795968236
848,848,Lek,Nski,1952-11-07,43025918448,Ul. Bska 48,227534858
849,849,Dek,Xski,1995-04-04,81437411544,Ul. Uska 19,690587246
850,850,Oka,Sska,1945-07-14,82760929216,Ul. Uska 85,376314547
851,851,Lka,Xska,1996-11-07,41942359804,Ul. Tska 72,120104168
852,852,Lek,Dski,1987-04-04,71702903395,Ul. Uska 88,543887945
853,853,Qka,Kska,1943-06-25,81888253888,Ul. Cska 74,590262505
854,854,Bek,Oski,1980-10-25,54222327100,Ul. Tska 28,588329295
855,855,Xka,Aska,1962-05-24,61231435820,Ul. Jska 94,719362925
856,856,Eka,Jska,1955-02-05,83837888464,Ul. Yska 77,835504336
857,857,Qek,Mski,1975-03-15,43494270352,Ul. Uska 41,210438962
858,858,Nka,Kska,1994-12-22,52738424195,Ul. Pska 15,478212456
859,859,Yek,Uski,1971-05-19,43285579656,Ul. Sska 23,945365626
860,860,Yek,Sski,1984-07-24,43327101500,Ul. Mska 31,228008846
861,861,Iek,Oski,1988-10-07,51709843500,Ul. Jska 41,945967822
862,862,Mek,Gski,1994-07-05,73639057752,Ul. Lska 10,564763100
863,863,Iek,Nski,2009-12-17,63681011844,Ul. Xska 22,135405701
864,864,Hka,Gska,1953-11-04,53900153350,Ul. Yska 80,761320682
865,865,Vek,Fski,1993-10-23,51958399965,Ul. Eska 85,179331294
866,866,Cek,Lski,1999-02-15,43647822616,Ul. Dska 96,317755692
867,867,Xek,Mski,1984-11-26,53503273455,Ul. Iska 65,386039792
868,868,Mka,Oska,1972-07-19,53233711925,Ul. Fska 29,917402429
869,869,Kka,Iska,1966-02-02,71393628534,Ul. Hska 70,491934720
870,870,Sek,Pski,1982-11-20,42236328616,Ul. Cska 56,274859074
871,871,Tek,Cski,1995-12-02,83599937200,Ul. Qska 1,374026457
872,872,Lek,Kski,1972-06-25,72052927458,Ul. Pska 30,917405155
873,873,Dka,Iska,1968-07-16,62198511642,Ul. Yska 14,431628372
874,874,Pka,Bska,1953-12-14,71917733292,Ul. Xska 71,726839139
875,875,Fek,Eski,1950-12-20,84157769856,Ul. Cska 52,656753430
876,876,Oek,Eski,1962-06-04,82172806000,Ul. Lska 22,529207785
877,877,Cek,Jski,1946-11-12,53994572705,Ul. Lska 24,672037740
878,878,Vek,Cski,1977-01-13,74036501514,Ul. Wska 68,261160498
879,879,Uka,Gska,1945-01-24,83052604856,Ul. Iska 61,287026118
880,880,Xka,Xska,2003-06-13,83311724536,Ul. Cska 83,719214707
881,881,Cek,Qski,1998-02-16,81576711384,Ul. Nska 16,554649535
882,882,Dka,Uska,1948-02-27,43327374036,Ul. Sska 98,882423816
883,883,Bka,Lska,2009-11-06,72798505600,Ul. Sska 66,741490300
884,884,Kka,Cska,1960-12-08,61951121360,Ul. Rska 39,837026464
885,885,Vek,Kski,1972-07-06,61079791494,Ul. Bska 52,929594076
886,886,Iek,Kski,1999-08-20,54185161345,Ul. Kska 59,483682216
887,887,Dka,Wska,1977-01-06,63163174700,Ul. Eska 21,495086800
888,888,Mek,Rski,1957-01-22,42075395516,Ul. Wska 94,914718638
889,889,Dek,Sski,1949-05-27,52146961545,Ul. Sska 28,166621824
890,890,Dka,Eska,1978-02-25,62935736744,Ul. Sska 55,349149998
891,891,Lek,Rski,1941-04-09,42383196108,Ul. Bska 40,287752254
892,892,Lka,Pska,1951-10-07,51744408730,Ul. Yska 13,378404260
893,893,Sek,Lski,2008-09-22,81809919808,Ul. Sska 1,850292808
894,894,Bka,Tska,1963-02-03,51648303780,Ul. Nska 81,389359556
895,895,Dek,Dski,1969-05-21,53705063780,Ul. Gska 2,699244036
896,896,Lka,Rska,2001-07-18,41375311792,Ul. Gska 28,454603404
897,897,Wka,Wska,1980-04-23,63690593314,Ul. Nska 40,954003940
898,898,Xka,Iska,1968-12-27,81056350592,Ul. Fska 63,741205341
899,899,Tek,Nski,1944-09-11,51037035640,Ul. Jska 64,297534036
900,900,Uka,Oska,1965-12-15,44241925468,Ul. Qska 94,614948096
901,901,Fek,Eski,1966-03-18,83038535848,Ul. Gska 30,871624504
902,902,Ska,Bska,1955-12-13,82080822696,Ul. Aska 25,927103590
903,903,Nka,Yska,1942-02-14,82692053104,Ul. Gska 41,933415046
904,904,Fka,Rska,1982-03-22,52637337795,Ul. Sska 73,249660422
905,905,Xka,Nska,1961-02-12,63307245524,Ul. Oska 7,730396644
906,906,Rek,Eski,1963-02-28,52847453955,Ul. Tska 91,367115936
907,907,Xek,Gski,2005-09-23,71474424327,Ul. Cska 99,353547292
908,908,Vek,Mski,1945-06-01,52130259855,Ul. Vska 61,185917923
909,909,Lka,Bska,1941-02-23,82009502488,Ul. Uska 24,981030229
910,910,Uek,Mski,1966-03-22,81030602136,Ul. Oska 40,366812909
911,911,Rek,Gski,2003-12-01,72521045047,Ul. Dska 3,252106154
912,912,Wka,Uska,1976-11-20,61993996582,Ul. Kska 51,378797677
913,913,Nka,Cska,1949-08-28,71559480353,Ul. Lska 67,111410568
914,914,Eka,Pska,1952-12-18,41518636900,Ul. Qska 73,836305432
915,915,Vka,Mska,2002-12-20,74035264967,Ul. Pska 87,353535748
916,916,Uka,Iska,1994-02-20,73897185911,Ul. Sska 33,339082836
917,917,Cka,Kska,1983-08-14,82501318864,Ul. Nska 2,850774840
918,918,Cek,Rski,1991-07-04,83192775624,Ul. Tska 46,765098226
919,919,Wek,Fski,1980-02-16,63010654060,Ul. Jska 87,274430530
920,920,Ika,Iska,1999-11-03,72982876778,Ul. Vska 31,834148120
921,921,Nka,Jska,2008-08-19,72062365774,Ul. Iska 53,636181066
922,922,Mek,Dski,1948-07-14,64135409768,Ul. Jska 17,212721918
923,923,Oek,Eski,1969-07-17,82998702088,Ul. Oska 71,433963296
924,924,Qek,Oski,1962-02-08,43931442984,Ul. Rska 81,464143336
925,925,Yka,Uska,1943-08-19,51309300360,Ul. Mska 33,267714790
926,926,Oka,Xska,2007-12-18,82336102072,Ul. Uska 45,652695318
927,927,Xka,Rska,1944-06-04,74267318062,Ul. Gska 51,570891165
928,928,Gek,Vski,1985-02-26,63029201014,Ul. Xska 43,873015784
929,929,Tka,Uska,1978-07-02,71243579478,Ul. Qska 98,524680760
930,930,Dek,Fski,1949-01-21,81718484768,Ul. Vska 20,142923719
931,931,Lek,Eski,1983-03-14,42557578164,Ul. Gska 96,737152432
932,932,Wek,Sski,2005-08-08,81773861184,Ul. Qska 47,246325656
933,933,Vek,Mski,1955-08-22,64222059768,Ul. Sska 48,315231071
934,934,Iek,Gski,2008-07-16,43833774952,Ul. Aska 32,844695176
935,935,Hka,Jska,1944-04-01,52998713830,Ul. Dska 14,769605572
936,936,Rek,Cski,1953-10-04,52867780465,Ul. Fska 89,151117958
937,937,Kek,Mski,1991-08-23,41041787268,Ul. Lska 57,858721904
938,938,Jek,Mski,1951-02-19,81602124544,Ul. Pska 77,912258743
939,939,Lka,Yska,2001-11-21,63301044724,Ul. Jska 35,340711694
940,940,Cek,Bski,2008-08-26,81707174104,Ul. Fska 49,354245459
941,941,Sek,Mski,1961-05-20,52671753830,Ul. Qska 51,897863832
942,942,Cka,Kska,1978-12-08,71314452229,Ul. Bska 8,562415135
943,943,Hek,Hski,1993-12-21,51935333275,Ul. Eska 72,752080374
944,944,Ika,Fska,1964-03-16,42854914132,Ul. Uska 56,526931525
945,945,Dka,Lska,1967-03-19,61942189448,Ul. Vska 13,271135800
946,946,Dek,Sski,1942-03-07,64086865684,Ul. Lska 2,984965070
947,947,Pek,Eski,1993-12-13,41806198860,Ul. Rska 87,986993303
948,948,Fka,Kska,1987-06-02,72517194528,Ul. Cska 94,222659794
949,949,Eka,Lska,1986-09-05,82817834048,Ul. Mska 33,190314720
950,950,Gek,Eski,1991-05-13,72467463352,Ul. Tska 94,897818264
951,951,Fek,Gski,1953-02-01,72866718190,Ul. Qska 14,667940166
952,952,Mek,Lski,1993-07-26,72560216284,Ul. Aska 31,654195372
953,953,Kek,Nski,1983-11-01,42568025328,Ul. Oska 92,121210861
954,954,Eka,Fska,1991-10-03,42030237976,Ul. Pska 27,122411017
955,955,Oka,Uska,1997-03-21,83334120528,Ul. Iska 4,617169416
956,956,Iek,Hski,1941-09-19,53635780605,Ul. Bska 97,176930041
957,957,Tek,Rski,1941-03-04,82198580648,Ul. Fska 85,827449600
958,958,Fek,Iski,1985-11-23,82419069880,Ul. Hska 46,269648136
959,959,Ika,Rska,1943-12-01,82954869216,Ul. Lska 26,173728256
960,960,Eka,Tska,1988-10-15,83633225000,Ul. Nska 4,236442784
961,961,Xek,Rski,1953-02-05,72547200940,Ul. Yska 78,737610628
962,962,Xek,Vski,1955-03-20,53374864715,Ul. Gska 29,336005595
963,963,Jka,Cska,2006-06-17,81761137688,Ul. Tska 89,850696904
964,964,Ska,Hska,1982-05-11,81454808240,Ul. Dska 86,456343624
965,965,Wek,Oski,2003-02-09,42428797824,Ul. Tska 8,881258672
966,966,Nka,Jska,1960-04-24,42983636584,Ul. Gska 60,659327120
967,967,Kka,Nska,1969-11-24,74155749098,Ul. Eska 12,733128522
968,968,Iek,Mski,2005-03-15,62840167916,Ul. Qska 95,644683078
969,969,Hka,Bska,1951-11-05,52102734405,Ul. Uska 18,584913880
970,970,Oek,Fski,1959-04-27,61246880930,Ul. Tska 32,114723972
971,971,Tka,Eska,1980-01-11,62105143128,Ul. Wska 22,717677924
972,972,Cka,Mska,1961-04-05,72023671927,Ul. Kska 21,918469362
973,973,Cka,Tska,1967-09-01,72237456947,Ul. Sska 28,960731624
974,974,Xka,Oska,2003-10-19,82423674312,Ul. Yska 91,898765792
975,975,Kek,Kski,1955-11-25,72979131019,Ul. Iska 3,539304010
976,976,Mka,Cska,1974-05-26,61484852944,Ul. Aska 56,162815533
977,977,Nka,Iska,1972-02-13,41643445552,Ul. Uska 44,634988160
978,978,Lka,Tska,1954-09-04,63038011444,Ul. Jska 22,317941478
979,979,Bek,Rski,1947-09-02,73733605259,Ul. Uska 65,947009189
980,980,Nka,Oska,1957-05-10,84255884144,Ul. Bska 97,231531886
981,981,Yka,Uska,2006-03-24,43610718356,Ul. Vska 7,829818856
982,982,Aka,Dska,1950-05-20,81593229024,Ul. Vska 62,749192507
983,983,Fek,Xski,2003-07-18,73185627710,Ul. Qska 68,293732456
984,984,Wek,Pski,1974-10-25,41722613056,Ul. Qska 85,753467830
985,985,Nka,Dska,1969-10-03,51354047845,Ul. Qska 76,136313810
986,986,Dek,Sski,1962-04-10,73781880374,Ul. Uska 62,497301924
987,987,Bek,Lski,1986-03-25,83229223808,Ul. Pska 74,528855375
988,988,Fek,Oski,1940-03-22,42796349852,Ul. Oska 72,867158128
989,989,Fka,Yska,1986-03-17,81552551240,Ul. Kska 55,523653465
990,990,Vka,Kska,1981-05-05,43528958904,Ul. Gska 80,757507613
991,991,Mek,Oski,1996-10-11,72270012553,Ul. Fska 33,969608234
992,992,Bek,Sski,1972-09-05,42873322744,Ul. Kska 42,210142912
993,993,Wka,Yska,1994-01-03,54062182615,Ul. Tska 44,866574104
994,994,Cek,Uski,1980-04-20,42128027948,Ul. Oska 7,435819424
995,995,Iek,Tski,2003-01-07,83812432264,Ul. Vska 15,589908780
996,996,Wka,Sska,1940-01-23,63995116218,Ul. Dska 61,898229768
997,997,Hek,Jski,1988-07-03,53335620000,Ul. Bska 46,916939438
998,998,Hka,Rska,1963-11-09,83210357848,Ul. Nska 44,490549428
999,999,Fka,Cska,1940-10-22,64159737044,Ul. Mska 79,477529356
1000,1000,Yka,Aska,1983-03-16,61011967230,Ul. Iska 59,854643496
