id_pacjenta,id_ubezpieczenia,imie,nazwisko,data_urodzenia,pesel,adres,telefon
1,1,Gek,Fski,1968-10-03,83120258664,Ul. Uska 25,571146315
2,2,Xka,Fska,1974-06-27,61914224506,Ul. Iska 8,292059276
3,3,Qka,Gska,1971-01-05,42942717520,Ul. Xska 43,868599024
4,4,Ika,Sska,1975-03-01,43068503972,Ul. Jska 82,292424316
5,5,Ika,Fska,2002-02-07,51104372615,Ul. Rska 11,889516088
6,6,Eek,Qski,1984-02-09,71922567431,Ul. Gska 11,876758712
7,7,Qek,Kski,1974-12-17,74094978318,Ul. Mska 61,671023010
8,8,Cka,Qska,1991-07-21,64180084708,Ul. Eska 23,289604048
9,9,Jek,Jski,1988-03-06,83056746048,Ul. Sska 88,332192073
10,10,Wka,Rska,1952-06-09,81911711568,Ul. Pska 15,165801527
11,11,Jka,Gska,1953-06-14,81817361624,Ul. Wska 36,563005570
12,12,Aek,Gski,1999-11-14,52859559415,Ul. Oska 48,148007640
13,13,Nka,Oska,1966-06-14,82485225152,Ul. Wska 43,320769822
14,14,Nka,Xska,1969-02-24,42095173788,Ul. Qska 46,825598000
15,15,Kka,Rska,1945-11-05,83798837296,Ul. Iska 96,262564618
16,16,Oek,Kski,2009-10-18,51199148665,Ul. Aska 82,439329580
17,17,Hka,Sska,1961-09-08,43529047660,Ul. Xska 75,272403512
18,18,Aka,Vska,1963-01-11,81538509376,Ul. Oska 54,835636552
19,19,Bka,Rska,1966-12-10,81141327848,Ul. Xska 29,542517520
20,20,Wka,Jska,1944-04-01,51442243785,Ul. Jska 30,737055687
21,21,Wka,Yska,2001-07-18,41848365644,Ul. Fska 83,564223185
22,22,Kka,Yska,1996-04-20,62497677606,Ul. Jska 53,894996584
23,23,Pka,Oska,1949-11-17,71879805147,Ul. Dska 10,441407340
24,24,Uka,Cska,2007-01-08,72334517157,Ul. Oska 18,341093264
25,25,Pka,Lska,1952-11-20,71966875187,Ul. Fska 46,829959504
26,26,Kka,Kska,1941-09-18,82061307680,Ul. Mska 63,145531020
27,27,Wka,Fska,1949-03-02,42659097512,Ul. Jska 22,878754016
28,28,Fka,Bska,1983-05-09,52440133160,Ul. Bska 28,870070872
29,29,Gek,Cski,1981-09-05,82258772328,Ul. Kska 72,199405077
30,30,Aek,Hski,1946-07-28,53862161940,Ul. Wska 18,190110445
31,31,Eka,Uska,1970-06-02,53413210230,Ul. Bska 63,257005952
32,32,Oka,Gska,1984-03-11,43865701864,Ul. Hska 99,764776174
33,33,Gek,Hski,1964-01-06,53280570285,Ul. Qska 61,666609512
34,34,Mek,Aski,1999-07-11,73984899078,Ul. Kska 89,918549679
35,35,Tek,Dski,1990-05-19,62796796006,Ul. Vska 36,298151866
36,36,Bek,Oski,1993-04-05,63288090860,Ul. Iska 49,317625014
37,37,Oka,Oska,1977-09-08,43407392368,Ul. Yska 32,856612760
38,38,Oka,Rska,1986-03-22,43496882076,Ul. Xska 70,681087186
39,39,Qka,Iska,1947-09-03,63855405984,Ul. Dska 24,896368920
40,40,Tka,Xska,2001-03-12,53051376790,Ul. Qska 39,844384576
41,41,Dka,Wska,1976-10-12,41430438068,Ul. Aska 48,928216865
42,42,Uka,Vska,2005-01-04,81728407064,Ul. Xska 63,124910704
43,43,Pka,Gska,1976-01-18,53721116700,Ul. Dska 66,610480726
44,44,Cka,Eska,1959-09-28,53014050085,Ul. Xska 71,535519995
45,45,Uka,Aska,1992-12-16,42842228704,Ul. Kska 31,996495894
46,46,Aka,Lska,2007-10-18,63068824770,Ul. Tska 51,229548000
47,47,Hek,Xski,1956-05-18,53379380690,Ul. Fska 12,916946539
48,48,Rek,Hski,1981-09-05,82635001920,Ul. Nska 43,344908640
49,49,Aek,Sski,1982-12-01,83593014256,Ul. Iska 58,438746428
50,50,Uek,Tski,1939-05-23,71236675924,Ul. Gska 54,521537895
51,51,Rka,Cska,1953-03-08,41460984556,Ul. Iska 56,174008072
52,52,Eek,Fski,1972-10-05,73468981802,Ul. Mska 3,123526152
53,53,Aek,Yski,1983-03-20,63748930932,Ul. Mska 47,124231027
54,54,Bka,Wska,1977-04-15,83278187752,Ul. Mska 74,479704356
55,55,Gka,Wska,2004-10-19,71550420421,Ul. Oska 76,834587672
56,56,Uka,Eska,1990-10-02,42243013692,Ul. Pska 85,733189733
57,57,Gka,Kska,1956-03-04,81897843048,Ul. Tska 32,939252882
58,58,Nka,Rska,1978-12-14,71549234477,Ul. Vska 32,786641174
59,59,Pka,Lska,1951-01-14,73520602324,Ul. Aska 47,174519348
60,60,Cek,Cski,1947-04-06,74001229346,Ul. Mska 43,446714340
61,61,Bek,Sski,1993-11-13,73073348344,Ul. Kska 25,630626610
62,62,Eka,Vska,1993-07-11,51810654620,Ul. Dska 85,145020384
63,63,Iek,Lski,1997-11-28,61830911826,Ul. Lska 48,299730348
64,64,Nek,Tski,1995-03-09,82891501000,Ul. Pska 60,861253360
65,65,Pka,Mska,1974-01-09,84148811408,Ul. Oska 61,343328287
66,66,Xka,Lska,1995-03-05,42582387580,Ul. Lska 37,285434852
67,67,Vek,Pski,1956-06-09,63894376922,Ul. Rska 52,897017856
68,68,Mka,Xska,1995-12-24,82685239976,Ul. Sska 51,832441792
69,69,Vek,Oski,1959-10-04,72580692190,Ul. Hska 43,584637600
70,70,Yek,Rski,1956-07-26,41120376452,Ul. Aska 30,572255560
71,71,Oka,Nska,1989-07-21,82980117080,Ul. Sska 11,365768841
72,72,Cek,Oski,1940-02-14,41659417076,Ul. Gska 52,572746390
73,73,Tek,Eski,1995-02-25,82283581656,Ul. Eska 53,953205219
74,74,Cka,Aska,1991-03-04,53081282800,Ul. Jska 32,433269388
75,75,Cka,Hska,1945-06-26,73954849317,Ul. Uska 14,271430786
76,76,Oka,Kska,1950-10-20,44104719836,Ul. Tska 2,130420012
77,77,Rka,Gska,1976-11-25,43530414324,Ul. Fska 75,827795752
78,78,Rka,Lska,1968-10-22,53104311925,Ul. Fska 8,194821125
79,79,Ika,Yska,1946-12-20,53557721360,Ul. Oska 54,284304194
80,80,Eek,Tski,1966-03-03,72749876965,Ul. Aska 95,355795604
81,81,Vek,Aski,1974-09-21,63094365822,Ul. Vska 88,444363100
82,82,Mka,Sska,1959-01-26,51848688100,Ul. Wska 73,198520243
83,83,Uek,Gski,1969-11-27,73853064962,Ul. Pska 63,321562373
84,84,Sek,Nski,1955-04-26,64196552734,Ul. Yska 51,667148222
85,85,Hek,Sski,1978-01-03,51351555075,Ul. Mska 54,247606364
86,86,Oek,Lski,1950-11-11,63778256024,Ul. Gska 45,447009952
87,87,Yka,Hska,1995-10-05,83154900920,Ul. Nska 44,594332455
88,88,Oka,Iska,1948-03-19,42333245960,Ul. Kska 36,393609804
89,89,Aek,Hski,1941-08-24,43242303524,Ul. Mska 89,560825975
90,90,Vka,Kska,1958-10-27,72250306279,Ul. Nska 69,934527323
91,91,Lek,Dski,1973-01-06,53745790840,Ul. Kska 89,536335235
92,92,Uek,Mski,1958-07-09,71311117973,Ul. Cska 1,949145441
93,93,Kek,Lski,1958-07-21,73255765401,Ul. Bska 32,915882564
94,94,Bka,Mska,1959-02-20,81058261376,Ul. Uska 49,854328048
95,95,Kka,Sska,1997-05-06,73621184751,Ul. Kska 82,353878564
96,96,Hek,Rski,1966-07-14,72884472865,Ul. Jska 92,370763099
97,97,Wek,Aski,2002-03-03,43593571360,Ul. Qska 79,421744588
98,98,Hka,Kska,1945-03-05,63613983600,Ul. Vska 46,445222364
99,99,Mek,Iski,1943-09-16,51748777955,Ul. Gska 95,559617100
100,100,Uek,Rski,1975-11-20,83992957152,Ul. Aska 57,386520148
101,101,Cka,Mska,2006-04-17,63251258686,Ul. Nska 40,766549100
102,102,Mka,Qska,1952-02-04,82543518224,Ul. Kska 77,136312432
103,103,Eek,Nski,1951-10-03,73740929472,Ul. Yska 66,158829103
104,104,Tek,Fski,1953-01-18,51303537060,Ul. Hska 25,668559540
105,105,Rka,Oska,1989-04-19,73893965697,Ul. Sska 44,468605960
106,106,Oka,Aska,1945-04-07,42457203392,Ul. Uska 4,617191334
107,107,Hka,Xska,1950-12-27,71718425349,Ul. Wska 66,791862176
108,108,Cka,Bska,1981-02-26,82720241624,Ul. Oska 93,530730880
109,109,Fka,Sska,1992-03-07,53032850475,Ul. Wska 61,145416729
110,110,Rka,Aska,1962-05-13,43808453324,Ul. Cska 91,822228824
111,111,Eek,Gski,1958-08-10,83738713200,Ul. Bska 56,435837820
112,112,Hek,Vski,1979-08-18,73252798259,Ul. Vska 89,966412294
113,113,Wka,Dska,2002-11-27,63997954836,Ul. Pska 96,782126238
114,114,Qek,Cski,1962-05-08,43547574872,Ul. Eska 83,581047945
115,115,Iek,Lski,1942-05-25,41373158824,Ul. Vska 29,811709560
116,116,Vka,Kska,1952-01-26,83900296640,Ul. Nska 19,937172216
117,117,Lka,Iska,1966-11-18,43379768820,Ul. Jska 79,873070752
118,118,Bka,Kska,1998-10-18,42737137976,Ul. Nska 31,325609339
119,119,Uka,Mska,1976-04-19,43230546224,Ul. Oska 36,823049016
120,120,Gka,Rska,1948-11-18,81446729088,Ul. Dska 8,752082908
121,121,Kek,Mski,1980-02-24,51821121575,Ul. Oska 37,865934944
122,122,Vka,Pska,1978-07-27,41470476332,Ul. Uska 33,378126706
123,123,Ika,Kska,1988-01-11,53353458860,Ul. Rska 12,188430979
124,124,Rka,Dska,1978-04-23,41607996288,Ul. Xska 30,350913320
125,125,Jek,Wski,1943-08-09,72108548475,Ul. Lska 54,924425658
126,126,Aek,Cski,1942-05-08,64030049184,Ul. Tska 62,934361829
127,127,Hek,Rski,1970-11-16,62453738336,Ul. Yska 74,275961158
128,128,Eek,Gski,1976-09-04,73095884611,Ul. Jska 22,928627178
129,129,Aka,Sska,1955-01-07,61122246890,Ul. Mska 21,777518235
130,130,Vek,Pski,1954-02-07,81517884072,Ul. Rska 62,128203846
131,131,Oka,Sska,1975-05-03,63342861904,Ul. Aska 15,215219440
132,132,Kka,Dska,1982-10-03,51751550755,Ul. Sska 84,775165438
133,133,Lek,Oski,1986-07-26,71854650962,Ul. Nska 73,756442107
134,134,Uek,Nski,1945-04-28,84047928240,Ul. Sska 55,964644234
135,135,Xka,Jska,1951-06-01,73494738535,Ul. Pska 85,130525740
136,136,Bka,Lska,1949-06-04,71644515351,Ul. Bska 68,487480436
137,137,Qek,Yski,1956-11-10,72901704321,Ul. Sska 14,138107909
138,138,Bek,Uski,1950-05-16,61257370194,Ul. Nska 11,368346827
139,139,Uka,Cska,1957-04-24,61127024104,Ul. Wska 63,795035007
140,140,Uka,Sska,2005-02-11,53641155840,Ul. Tska 55,935484330
141,141,Iek,Sski,1992-09-14,51471001515,Ul. Sska 23,555401365
142,142,Iek,Qski,1972-03-21,41872187292,Ul. Yska 33,643658584
143,143,Rka,Oska,1941-06-01,51688600070,Ul. Eska 2,374289994
144,144,Vka,Tska,1948-08-24,64214293530,Ul. Vska 24,557556870
145,145,Eka,Sska,1970-10-20,73353322348,Ul. Fska 59,393417337
146,146,Vka,Iska,1976-03-03,81590954880,Ul. Lska 7,239153060
147,147,Dek,Uski,1953-11-16,81823281248,Ul. Dska 76,582739835
148,148,Qek,Vski,2002-02-24,41216606596,Ul. Oska 97,554285450
149,149,Tka,Cska,1944-03-18,63811046736,Ul. Uska 45,437484284
150,150,Wka,Tska,1944-08-24,63809468888,Ul. Jska 46,145828156
151,151,Qek,Lski,1984-07-18,63230687476,Ul. Wska 20,817853728
152,152,Rek,Lski,1998-10-23,83339961544,Ul. Mska 86,700089420
153,153,Bek,Nski,1991-02-16,81646866680,Ul. Fska 39,943753945
154,154,Rka,Lska,2004-11-21,61430042858,Ul. Nska 32,728776085
155,155,Aka,Hska,1953-03-04,44001418888,Ul. Tska 29,530918280
156,156,Oka,Lska,1990-02-18,53938629415,Ul. Sska 12,177529597
157,157,Mek,Nski,1959-02-17,63849110874,Ul. Aska 2,398382764
158,158,Cka,Sska,1990-06-26,81683235344,Ul. Mska 26,646683594
159,159,Xka,Wska,2004-12-03,73468111375,Ul. Wska 79,918258689
160,160,Eka,Tska,1977-04-21,71138466166,Ul. Xska 24,483134600
161,161,Wek,Iski,1944-09-14,71157205140,Ul. Dska 38,351036465
162,162,Oka,Sska,2009-08-28,82201510240,Ul. Hska 84,539892640
163,163,Nka,Yska,1948-03-10,64189609900,Ul. Vska 11,981059669
164,164,Fek,Aski,1975-12-20,41971202416,Ul. Hska 2,437908444
165,165,Cka,Wska,1960-04-04,73017656077,Ul. Xska 38,174018539
166,166,Kka,Rska,1963-09-26,73553571255,Ul. Jska 51,616305066
167,167,Oek,Bski,1948-03-24,51236991540,Ul. Gska 14,444011588
168,168,Eek,Yski,2006-03-12,73981606218,Ul. Tska 43,376733150
169,169,Dka,Nska,1943-07-16,44138861140,Ul. Sska 3,313563492
170,170,Rka,Iska,1968-05-07,72522097895,Ul. Jska 39,897193656
171,171,Jka,Qska,1944-04-25,41380583580,Ul. Gska 92,170127129
172,172,Dka,Xska,1959-04-26,83456532920,Ul. Cska 40,126105626
173,173,Kka,Xska,1977-04-08,43881869904,Ul. Dska 47,455203924
174,174,Lek,Oski,2004-04-20,52178662200,Ul. Fska 8,666759130
175,175,Wka,Dska,1942-01-07,73366088657,Ul. Dska 20,340351975
176,176,Rek,Pski,1955-12-28,54065971920,Ul. Eska 48,697373406
177,177,Oka,Kska,1976-10-09,53125196675,Ul. Jska 7,371446653
178,178,Eek,Mski,1973-01-01,62705157774,Ul. Eska 13,520400280
179,179,Iek,Jski,2000-07-23,61535958154,Ul. Bska 84,174608408
180,180,Xka,Nska,1986-09-24,82974840376,Ul. Hska 33,740968782
181,181,Jka,Cska,2004-04-17,41537901792,Ul. Aska 23,159629303
182,182,Eek,Cski,1946-09-15,72457250395,Ul. Iska 57,482714632
183,183,Mka,Dska,1972-11-24,52969221090,Ul. Iska 16,160818721
184,184,Cek,Iski,1985-01-27,53578180905,Ul. Yska 11,566931590
185,185,Vka,Bska,1980-03-01,51817187555,Ul. Kska 13,438274040
186,186,Uek,Fski,1955-03-05,42711752572,Ul. Nska 24,958743946
187,187,Eek,Oski,1947-03-17,82431847248,Ul. Pska 5,694583832
188,188,Oka,Nska,1957-10-08,52434080150,Ul. Iska 77,882611528
189,189,Dka,Yska,1964-09-26,71226425169,Ul. Cska 36,144100275
190,190,Rka,Iska,1992-07-06,72996544352,Ul. Dska 93,644453970
191,191,Rek,Vski,1952-01-26,63611725490,Ul. Tska 7,437456448
192,192,Hka,Nska,1939-05-08,52816932435,Ul. Pska 22,426370108
193,193,Aek,Sski,1952-02-02,53205507345,Ul. Vska 36,654713988
194,194,Uka,Nska,2001-09-23,83379885240,Ul. Tska 56,567434095
195,195,Iek,Pski,1991-05-21,41441700120,Ul. Qska 36,689546230
196,196,Jka,Qska,1967-05-28,72469324087,Ul. Sska 28,686839404
197,197,Dek,Jski,2007-05-14,83175884208,Ul. Iska 85,130613644
198,198,Fek,Eski,1976-10-07,63895448384,Ul. Oska 7,619053310
199,199,Wka,Oska,1987-10-11,44154420512,Ul. Aska 45,790710234
200,200,Mek,Aski,1998-03-19,81421990096,Ul. Jska 62,455168052
201,201,Aek,Uski,1984-04-27,54245636560,Ul. Gska 3,711417488
202,202,Pek,Eski,1976-04-20,51099217130,Ul. Vska 23,331842696
203,203,Bka,Wska,1950-06-06,83317709240,Ul. Cska 91,877266696
204,204,Wek,Wski,1979-10-06,43670308916,Ul. Mska 55,892414600
205,205,Uek,Cski,2006-12-23,83833399440,Ul. Oska 68,193330046
206,206,Hek,Pski,1969-01-10,61419213442,Ul. Yska 45,190524972
207,207,Kka,Jska,1949-05-14,43260314664,Ul. Cska 95,483827824
208,208,Jka,Gska,1966-03-18,42878595392,Ul. Tska 63,639293846
209,209,Gka,Lska,1960-08-11,53640157475,Ul. Iska 19,710713825
210,210,Fka,Aska,1982-02-09,52147727285,Ul. Aska 25,357863243
211,211,Oek,Vski,1953-08-23,41759184572,Ul. Eska 76,825927456
212,212,Dek,Xski,1941-12-27,51257597975,Ul. Dska 17,227919952
213,213,Iek,Yski,2000-11-05,43645710200,Ul. Pska 37,223013188
214,214,Tek,Mski,1967-05-01,52334954725,Ul. Nska 79,239809620
215,215,Wek,Eski,1973-08-23,63899274538,Ul. Dska 92,626790548
216,216,Pka,Fska,1955-06-13,72641248531,Ul. Wska 66,871319328
217,217,Kka,Nska,1971-05-10,73068175231,Ul. Vska 26,375700216
218,218,Bek,Uski,1977-09-16,54259516130,Ul. Lska 19,168916428
219,219,Eek,Vski,1996-07-07,73579451662,Ul. Lska 51,379181627
220,220,Cek,Jski,1969-02-20,82694484960,Ul. Fska 6,174522810
221,221,Pka,Wska,2008-10-11,81734558104,Ul. Kska 66,966867293
222,222,Dek,Cski,1957-12-16,62204181830,Ul. Dska 68,952706937
223,223,Tek,Wski,2008-04-13,61469850324,Ul. Sska 13,338794584
224,224,Yek,Fski,1958-01-06,82467707728,Ul. Cska 89,596981135
225,225,Cek,Oski,1943-01-22,61859253384,Ul. Aska 69,371956148
226,226,Tek,Wski,1950-06-20,41129882100,Ul. Nska 75,496131304
227,227,Lka,Wska,2004-05-01,53719411695,Ul. Cska 90,951880910
228,228,Oek,Wski,1988-06-02,52701811065,Ul. Iska 30,828465080
229,229,Bka,Dska,1974-09-20,73679449562,Ul. Pska 11,588998170
230,230,Jek,Hski,2008-06-18,82994133800,Ul. Hska 11,422625208
231,231,Cek,Lski,1992-06-26,41412315512,Ul. Eska 24,533635055
232,232,Ika,Hska,1962-10-28,61818130500,Ul. Mska 88,243412892
233,233,Oka,Mska,1951-07-06,51500021645,Ul. Cska 56,813917720
234,234,Qka,Oska,1972-10-08,73305600513,Ul. Hska 44,852506768
235,235,Lek,Bski,1991-01-04,42861310784,Ul. Fska 50,915433794
236,236,Lka,Dska,2000-12-18,54148347715,Ul. Xska 57,235402458
237,237,Lka,Fska,1974-09-14,73085614690,Ul. Sska 72,124530578
238,238,Jka,Vska,1978-12-25,81200206416,Ul. Cska 19,922218531
239,239,Dka,Dska,2002-06-21,84053406256,Ul. Gska 59,929162243
240,240,Rek,Hski,1959-09-03,42360837532,Ul. Fska 16,242059352
241,241,Pka,Cska,1947-07-05,53586274185,Ul. Dska 23,130901596
242,242,Oek,Gski,1942-02-27,43368487716,Ul. Cska 13,139711365
243,243,Aek,Rski,1987-03-11,52102693600,Ul. Vska 31,846744872
244,244,Nka,Yska,1962-10-28,82894220600,Ul. Tska 91,527624500
245,245,Nek,Mski,1949-06-25,42473031620,Ul. Bska 60,763055454
246,246,Cek,Hski,1950-01-25,72181911088,Ul. Sska 77,172505956
247,247,Wka,Oska,1939-03-11,82558311432,Ul. Nska 73,640671144
248,248,Dek,Mski,1972-07-01,42647458800,Ul. Oska 90,452423872
249,249,Dek,Uski,1969-12-23,41220419744,Ul. Oska 92,136902430
250,250,Xek,Oski,1950-07-01,43378901828,Ul. Lska 74,768786177
251,251,Bek,Lski,1967-01-13,64186365352,Ul. Jska 32,335820178
252,252,Wek,Jski,1952-08-03,42127506440,Ul. Rska 30,781111134
253,253,Yka,Bska,1942-12-16,61399213188,Ul. Nska 53,726069748
254,254,Hek,Tski,1989-07-21,41731314228,Ul. Wska 1,324283190
255,255,Nka,Bska,1958-04-24,63820143932,Ul. Dska 6,535902795
256,256,Aek,Yski,2002-09-21,52618208025,Ul. Tska 53,712827771
257,257,Xek,Aski,1939-12-14,83179074568,Ul. Fska 40,572316395
258,258,Fek,Cski,1998-02-11,52997168150,Ul. Nska 88,596757490
259,259,Nka,Kska,2007-10-09,81621652136,Ul. Cska 26,450307276
260,260,Bka,Yska,1947-09-13,43763218496,Ul. Mska 26,827378928
261,261,Kek,Dski,1939-01-10,44240365616,Ul. Pska 61,486505488
262,262,Dka,Iska,1962-06-19,83683923152,Ul. Vska 5,611267356
263,263,Fka,Eska,1973-11-25,83474240096,Ul. Gska 46,480919588
264,264,Cka,Qska,1956-09-19,51554396560,Ul. Aska 32,960667462
265,265,Lka,Eska,1984-03-05,62372786196,Ul. Sska 54,253805974
266,266,Wka,Tska,2006-12-26,43989141084,Ul. Nska 37,387593405
267,267,Tek,Xski,1999-06-02,64126702196,Ul. Jska 8,734917245
268,268,Nka,Oska,1941-04-03,43117432672,Ul. Vska 48,834987904
269,269,Qek,Hski,1939-04-13,81759824088,Ul. Kska 94,940763763
270,270,Yka,Xska,1981-04-27,41489405260,Ul. Kska 61,494210996
271,271,Uka,Mska,1986-12-21,43511579084,Ul. Gska 94,758443661
272,272,Eek,Lski,2001-10-10,82583113160,Ul. Dska 8,312481498
273,273,Kka,Aska,1986-07-08,73289836976,Ul. Cska 99,236803610
274,274,Gek,Qski,1986-01-24,61624728248,Ul. Bska 98,915696362
275,275,Uek,Hski,1970-03-11,83814515352,Ul. Yska 72,648076908
276,276,Tek,Vski,1946-03-19,63244376070,Ul. Wska 51,917715263
277,277,Uek,Nski,1956-07-17,61828443286,Ul. Hska 15,946757078
278,278,Tka,Tska,1967-12-19,82375918744,Ul. Jska 64,231164576
279,279,Pek,Yski,1978-07-06,83676105504,Ul. Hska 23,483063460
280,280,Bek,Xski,1976-08-03,44077000328,Ul. Dska 70,692003210
281,281,Xka,Yska,1997-08-16,63563904056,Ul. Sska 81,674802432
282,282,Bek,Qski,1988-05-08,72290692470,Ul. Cska 2,848947080
283,283,Nek,Uski,1995-08-03,52633610795,Ul. Dska 62,234321142
284,284,Rka,Fska,1961-03-27,43056589352,Ul. Fska 29,290021600
285,285,Mek,Tski,1956-07-25,41161567124,Ul. Kska 7,390152965
286,286,Lek,Nski,1954-06-04,82365181960,Ul. Jska 95,721192451
287,287,Vek,Pski,1958-05-24,52694750760,Ul. Oska 41,223749838
288,288,Iek,Yski,1992-08-11,84158578008,Ul. Vska 85,386362178
289,289,Lek,Lski,1973-01-18,61757223436,Ul. Fska 5,792397890
290,290,Qek,Yski,1950-01-05,61781656172,Ul. Yska 89,491296692
291,291,Oek,Pski,2007-08-17,63768578288,Ul. Yska 41,242531136
292,292,Tka,Yska,1978-04-04,41832414764,Ul. Oska 84,387168592
293,293,Aek,Dski,1967-02-24,42932382652,Ul. Rska 38,626733852
294,294,Dka,Qska,1968-12-14,73885769673,Ul. Gska 78,877980600
295,295,Yek,Hski,1995-10-01,42782216848,Ul. Rska 55,679294164
296,296,Bek,Mski,1978-07-01,51929851210,Ul. Eska 56,953602572
297,297,Rek,Aski,1991-04-17,81865286152,Ul. Bska 38,240018630
298,298,Mka,Aska,1963-09-26,82913146128,Ul. Jska 86,283634452
299,299,Vka,Wska,1951-07-28,83037207464,Ul. Iska 51,834398248
300,300,Rek,Yski,1955-12-15,83720161384,Ul. Fska 87,788044310
301,301,Uka,Hska,1939-07-13,61616446350,Ul. Yska 20,532757880
302,302,Xek,Hski,1979-10-07,83893826632,Ul. Hska 47,870654024
303,303,Vek,Bski,1976-12-20,71039490671,Ul. Nska 32,916507299
304,304,Kek,Xski,1967-03-19,41977459628,Ul. Kska 86,955520789
305,305,Ska,Kska,1995-01-26,61438793680,Ul. Nska 78,394819134
306,306,Wka,Bska,1980-08-27,83643113168,Ul. Pska 53,416405736
307,307,Oek,Gski,2008-03-07,63227219706,Ul. Vska 76,887463168
308,308,Eka,Sska,1984-04-04,52583183255,Ul. Dska 39,363541469
309,309,Yek,Jski,2005-02-18,53881151950,Ul. Yska 73,219348124
310,310,Wka,Qska,2000-06-20,51655815045,Ul. Kska 9,870916624
311,311,Vka,Rska,1969-12-18,73790143507,Ul. Sska 65,330051045
312,312,Bka,Kska,1959-03-12,82494558368,Ul. Rska 42,256341048
313,313,Yka,Cska,1953-06-06,62642339342,Ul. Wska 9,733133714
314,314,Dek,Pski,2004-01-01,81577316408,Ul. Hska 56,392247322
315,315,Hek,Pski,1946-08-25,62217132738,Ul. Wska 4,235629746
316,316,Iek,Yski,1994-12-26,82889880240,Ul. Pska 35,375826844
317,317,Nek,Bski,1940-08-11,63600513436,Ul. Kska 88,612544522
318,318,Hka,Wska,1954-12-01,83254707224,Ul. Wska 5,249320372
319,319,Rka,Uska,1972-03-15,51594434110,Ul. Fska 27,669438394
320,320,Mka,Iska,1969-06-03,43063010404,Ul. Iska 12,488817520
321,321,Xek,Uski,1997-07-07,63654544630,Ul. Wska 66,564364450
322,322,Vka,Vska,1950-11-13,71752175110,Ul. Kska 27,730121231
323,323,Gek,Pski,1989-08-01,84035834688,Ul. Sska 89,721013234
324,324,Pka,Xska,1989-07-12,81281181216,Ul. Eska 24,332828932
325,325,Qek,Lski,1956-01-23,82744280120,Ul. Bska 85,370290228
326,326,Vka,Gska,1999-10-20,43157332808,Ul. Lska 70,526822915
327,327,Iek,Nski,1999-01-21,73246218531,Ul. Fska 46,973427628
328,328,Aka,Iska,1942-12-20,42605318860,Ul. Iska 72,577912080
329,329,Eka,Vska,2003-11-28,53171344005,Ul. Sska 99,763006472
330,330,Hka,Pska,1968-01-09,81479332520,Ul. Wska 25,222537408
331,331,Fek,Iski,1960-06-18,83708033968,Ul. Yska 19,874305520
332,332,Pek,Tski,1993-03-21,54183778520,Ul. Cska 78,888417352
333,333,Vek,Rski,1996-08-08,82776767168,Ul. Eska 84,913106938
334,334,Fka,Cska,1993-11-17,71827066479,Ul. Pska 4,393730501
335,335,Bka,Gska,1964-05-24,54233972840,Ul. Gska 55,786290253
336,336,Rek,Tski,1959-03-26,63890985728,Ul. Sska 53,178010139
337,337,Oka,Oska,1988-12-21,81636183304,Ul. Vska 36,673016248
338,338,Nka,Dska,1953-06-16,81404329400,Ul. Wska 98,292027784
339,339,Dka,Wska,2005-02-15,61589083864,Ul. Tska 69,239117980
340,340,Wka,Vska,1974-04-12,82824743112,Ul. Fska 47,653113556
341,341,Eek,Jski,1950-01-15,62608902192,Ul. Yska 59,644508226
342,342,Wek,Wski,1972-03-23,83676218032,Ul. Nska 23,295327646
343,343,Dek,Tski,1948-02-10,41076250200,Ul. Gska 66,441924216
344,344,Eka,Qska,2005-10-03,81656899816,Ul. Hska 92,447104768
345,345,Vek,Xski,2006-09-08,82468604000,Ul. Eska 41,311400027
346,346,Vek,Uski,2006-05-01,73459598737,Ul. Xska 49,162611448
347,347,Jek,Iski,1988-02-19,71317586144,Ul. Bska 70,893297136
348,348,Wek,Rski,1961-01-15,73950261182,Ul. Kska 26,326759037
349,349,Ska,Hska,2009-01-13,43103152460,Ul. Rska 8,414325640
350,350,Ika,Aska,1967-09-16,71910467795,Ul. Sska 30,644077190
351,351,Rek,Uski,1945-07-19,72381310234,Ul. Bska 21,324926133
352,352,Lka,Sska,1989-04-18,43497713860,Ul. Iska 6,399595619
353,353,Pek,Aski,1974-10-08,53462713905,Ul. Xska 78,882643912
354,354,Qka,Pska,1944-05-07,42262217428,Ul. Rska 97,799039671
355,355,Tek,Iski,1992-05-09,61213875020,Ul. Fska 71,732872373
356,356,Vka,Qska,1940-12-19,41564818100,Ul. Rska 13,210804284
357,357,Uek,Uski,1967-01-26,51749447420,Ul. Wska 4,256646310
358,358,Lek,Nski,1972-03-28,72696020295,Ul. Cska 72,293951266
359,359,Pka,Lska,1941-10-01,53861755440,Ul. Mska 64,636295778
360,360,Dka,Qska,1959-04-22,71603505044,Ul. Xska 42,227906854
361,361,Dek,Iski,1964-06-04,51292309035,Ul. Kska 81,883943528
362,362,Kka,Kska,1981-05-09,52727185010,Ul. Vska 37,730992617
363,363,Mek,Qski,1968-10-21,62062109216,Ul. Xska 1,353689208
364,364,Jka,Xska,1961-01-13,41096914108,Ul. Sska 78,833614168
365,365,Uek,Tski,1971-03-20,73724324320,Ul. Lska 73,369146704
366,366,Wek,Lski,1957-12-14,53449838505,Ul. Mska 11,817703776
367,367,Pek,Nski,1990-04-09,82669477640,Ul. Cska 97,438281836
368,368,Uek,Nski,1958-02-15,43478956240,Ul. Fska 56,595413155
369,369,Bek,Eski,1990-04-28,72570382672,Ul. Gska 4,290954676
370,370,Ika,Yska,1986-03-15,41634441372,Ul. Hska 5,924073656
371,371,Yka,Bska,1994-01-20,71786278094,Ul. Jska 28,587080835
372,372,Fek,Uski,1940-11-01,84243736264,Ul. Cska 21,188402708
373,373,Aek,Vski,1950-06-24,73458080416,Ul. Vska 47,324178036
374,374,Bka,Oska,1975-12-20,83899423224,Ul. Fska 72,726629934
375,375,Tek,Uski,2006-10-14,61902766038,Ul. Fska 49,111106212
376,376,Rka,Mska,1996-08-04,83682478728,Ul. Jska 60,273553890
377,377,Fek,Pski,1945-02-10,42140338304,Ul. Cska 94,833903448
378,378,Iek,Dski,1979-08-19,51966122455,Ul. Wska 40,559357665
379,379,Uek,Vski,1954-04-26,73230915561,Ul. Cska 26,194411276
380,380,Rka,Rska,1972-08-19,53645716400,Ul. Jska 35,496886720
381,381,Aka,Wska,1947-12-11,72248942373,Ul. Jska 24,529318490
382,382,Fka,Lska,1948-01-02,44034517436,Ul. Oska 23,685140610
383,383,Lek,Tski,1978-04-12,72003179592,Ul. Tska 30,646958496
384,384,Ska,Mska,1956-05-26,71437214287,Ul. Qska 91,169418404
385,385,Sek,Xski,1994-11-01,43965981016,Ul. Uska 47,422172148
386,386,Mek,Gski,2003-02-07,41027304076,Ul. Eska 45,131232114
387,387,Oka,Qska,1968-11-18,82284673192,Ul. Jska 38,471003844
388,388,Sek,Jski,1948-09-08,63778288692,Ul. Nska 68,179615911
389,389,Cek,Sski,1939-06-13,72937093970,Ul. Mska 40,623991668
390,390,Pek,Lski,2000-07-18,72059821669,Ul. Cska 24,430770900
391,391,Hek,Yski,1939-04-01,51985399495,Ul. Mska 3,329357387
392,392,Yka,Mska,1939-04-23,61861471672,Ul. Dska 78,912293339
393,393,Tka,Iska,1940-03-16,62698750294,Ul. Hska 72,382784642
394,394,Fek,Jski,1944-11-20,81505244536,Ul. Dska 56,637365750
395,395,Ika,Jska,1941-08-28,42214901680,Ul. Vska 33,686055820
396,396,Kek,Mski,1990-03-16,72517470275,Ul. Oska 91,950065635
397,397,Rka,Yska,1956-10-17,81303657360,Ul. Nska 22,853394896
398,398,Yka,Hska,1996-04-28,52175991815,Ul. Mska 93,774511965
399,399,Eka,Kska,1973-03-17,83943060824,Ul. Kska 38,738913204
400,400,Cka,Wska,1960-04-19,44088548448,Ul. Qska 95,450928228
401,401,Qka,Lska,1939-09-15,51290620000,Ul. Tska 60,216604248
402,402,Sek,Iski,1962-04-25,52868415595,Ul. Sska 93,758406554
403,403,Qka,Vska,1988-10-17,61790194652,Ul. Nska 76,115830346
404,404,Tka,Sska,1955-09-01,82200377704,Ul. Wska 52,520608395
405,405,Tek,Rski,2005-07-13,83683084712,Ul. Eska 55,658733030
406,406,Oka,Vska,1967-08-23,52702891790,Ul. Wska 72,691398928
407,407,Jka,Jska,1970-11-26,61168533716,Ul. Iska 81,344873017
408,408,Lek,Rski,1983-01-27,42497571024,Ul. Lska 30,820926472
409,409,Gek,Qski,1972-11-24,52393458525,Ul. Cska 35,436647436
410,410,Tek,Dski,1966-06-19,62594843782,Ul. Sska 34,293636536
411,411,Qek,Dski,1976-08-01,53061551795,Ul. Tska 83,492619144
412,412,Aka,Dska,2004-04-24,51023123350,Ul. Mska 41,641260138
413,413,Uka,Bska,1978-01-17,71978486457,Ul. Dska 49,598801670
414,414,Yka,Bska,1948-01-26,63860521234,Ul. Yska 89,617180490
415,415,Yek,Dski,1983-10-04,72321775334,Ul. Rska 12,840539360
416,416,Tek,Pski,1998-09-13,41048079776,Ul. Bska 46,141126630
417,417,Fka,Hska,1989-09-26,73033065723,Ul. Yska 24,613880094
418,418,Xka,Wska,2006-10-22,73954407004,Ul. Eska 68,986417774
419,419,Qka,Hska,1995-06-07,52762266645,Ul. Nska 89,439826816
420,420,Pek,Pski,1975-09-23,64100525230,Ul. Xska 60,362352047
421,421,Eka,Nska,2001-01-21,71103569274,Ul. Cska 91,961584149
422,422,Mek,Rski,1970-07-03,42445462980,Ul. Tska 15,773064701
423,423,Uek,Yski,1952-04-22,43166154048,Ul. Jska 9,399351192
424,424,Jka,Sska,1992-03-05,41401816936,Ul. Pska 42,414997864
425,425,Dek,Hski,1984-01-09,72392172487,Ul. Yska 18,541912475
426,426,Aka,Jska,1996-05-02,74130113048,Ul. Gska 66,341420346
427,427,Wek,Yski,1970-02-03,43366399584,Ul. Pska 7,616715582
428,428,Oek,Wski,1982-11-24,41757066376,Ul. Wska 74,728428779
429,429,Bka,Nska,1953-11-17,53828257965,Ul. Cska 15,369570824
430,430,Aek,Tski,2006-12-17,42889126392,Ul. Nska 30,281753968
431,431,Aka,Jska,1991-04-10,64182016884,Ul. Fska 12,292301370
432,432,Dek,Cski,1982-10-01,44151790856,Ul. Tska 21,466505992
433,433,Gek,Pski,2009-07-03,83038930024,Ul. Kska 35,843333168
434,434,Yek,Rski,1964-04-24,42002007272,Ul. Cska 36,766617369
435,435,Kka,Bska,1982-12-22,81210344696,Ul. Hska 92,162323556
436,436,Eek,Wski,2005-11-24,83523201376,Ul. Nska 82,841841320
437,437,Dek,Wski,1954-11-19,82176718272,Ul. Eska 61,650465564
438,438,Bek,Hski,1967-07-25,62102943670,Ul. Oska 88,331572525
439,439,Xka,Gska,2000-09-23,51964809775,Ul. Fska 84,735626910
440,440,Vek,Dski,1991-05-01,83497643512,Ul. Fska 41,125302191
441,441,Oka,Jska,1951-06-15,62325607152,Ul. Aska 80,463837576
442,442,Pka,Sska,1953-04-05,42651177356,Ul. Yska 92,364252530
443,443,Oka,Jska,1957-02-24,54104960600,Ul. Oska 7,965214121
444,444,Nka,Xska,1953-10-28,53320205575,Ul. Eska 77,230357864
445,445,Cek,Xski,1992-10-12,81594180648,Ul. Iska 44,765958361
446,446,Aka,Eska,1958-12-04,63814339794,Ul. Rska 78,963531293
447,447,Uka,Aska,1957-09-01,43561462392,Ul. Fska 73,319512963
448,448,Eek,Qski,1980-08-06,71581244338,Ul. Fska 91,255709034
449,449,Xka,Pska,1940-12-08,43447970948,Ul. Vska 15,896527152
450,450,Xek,Oski,1952-05-07,62204908150,Ul. Uska 12,250836710
451,451,Dek,Nski,1950-03-21,73075401929,Ul. Rska 76,674603524
452,452,Yka,Oska,1997-12-12,73626038500,Ul. Qska 5,117322010
453,453,Gek,Qski,1988-05-12,62514645234,Ul. Wska 6,627021408
454,454,Qka,Wska,1993-05-05,63411692598,Ul. Uska 84,798974692
455,455,Rka,Oska,1991-01-19,51483928430,Ul. Kska 76,437433692
456,456,Dka,Sska,1958-05-14,83162168552,Ul. Lska 46,554852715
457,457,Gka,Xska,1985-01-18,63566238468,Ul. Eska 7,131029348
458,458,Mek,Kski,1972-06-01,82173235032,Ul. Hska 1,498841136
459,459,Cka,Lska,1945-02-02,83078136368,Ul. Nska 58,549747355
460,460,Nka,Dska,2000-11-11,63596704506,Ul. Uska 32,375201695
461,461,Aka,Fska,1950-05-26,41589449524,Ul. Pska 87,160415034
462,462,Nka,Bska,1975-10-05,62280116962,Ul. Qska 48,138521767
463,463,Cka,Dska,1961-02-07,71153540805,Ul. Pska 99,541647590
464,464,Jka,Eska,1947-07-13,73738976916,Ul. Yska 29,732493536
465,465,Vka,Qska,1957-03-03,41587681180,Ul. Wska 5,291860520
466,466,Yek,Bski,1947-03-02,84123341128,Ul. Iska 55,224621924
467,467,Mka,Cska,1954-03-27,51294476025,Ul. Gska 2,748318881
468,468,Hek,Uski,1988-04-16,73572730149,Ul. Sska 8,439757636
469,469,Dka,Vska,2009-03-01,72746956945,Ul. Lska 85,762527976
470,470,Qek,Cski,1975-10-01,42476802272,Ul. Cska 35,620954294
471,471,Oka,Iska,1993-08-24,42467985608,Ul. Sska 25,390381603
472,472,Uek,Tski,1996-09-20,53885720120,Ul. Lska 78,324835649
473,473,Pka,Xska,1977-06-22,72672950444,Ul. Rska 97,114717293
474,474,Yka,Oska,1945-09-14,51079033800,Ul. Nska 24,172311497
475,475,Xek,Fski,1957-12-12,71465701950,Ul. Pska 10,465707616
476,476,Xka,Oska,1943-04-10,43030407036,Ul. Yska 21,236215888
477,477,Tka,Eska,1964-01-07,62037008426,Ul. Kska 18,625546290
478,478,Kek,Eski,1991-10-24,71406225778,Ul. Eska 94,169130677
479,479,Xka,Pska,1987-10-22,41030968236,Ul. Dska 70,515813975
480,480,Tka,Vska,1998-03-26,53926400300,Ul. Kska 2,965832507
481,481,Lek,Fski,1956-08-14,43079443720,Ul. Dska 72,320449566
482,482,Nka,Lska,2000-12-18,41686243076,Ul. Fska 72,873871936
483,483,Nka,Wska,1947-04-10,62014158718,Ul. Kska 2,243139514
484,484,Dek,Nski,1974-10-20,41810708872,Ul. Yska 70,874832488
485,485,Yka,Yska,1957-02-16,81967122440,Ul. Wska 82,446745536
486,486,Qka,Bska,1952-07-22,42878410388,Ul. Oska 24,737353977
487,487,Gka,Lska,1977-07-20,42487484120,Ul. Rska 48,733757722
488,488,Dek,Jski,1982-06-05,41888203768,Ul. Xska 51,162429819
489,489,Gek,Bski,1958-05-23,61222438832,Ul. Gska 81,648894116
490,490,Fka,Iska,1941-11-07,71950907774,Ul. Oska 43,529278985
491,491,Kek,Iski,1956-07-18,73826606083,Ul. Yska 77,230329060
492,492,Jek,Iski,1942-07-13,41348454380,Ul. Dska 22,228424104
493,493,Eek,Aski,1950-01-07,82901060312,Ul. Mska 26,176516753
494,494,Bek,Gski,1973-08-10,81955819456,Ul. Nska 26,932115416
495,495,Ika,Qska,1997-05-16,84092232448,Ul. Oska 35,187429039
496,496,Sek,Jski,1981-03-12,61282343838,Ul. Uska 73,216950570
497,497,Aka,Mska,1957-04-27,52178713595,Ul. Lska 2,685855458
498,498,Eek,Mski,1955-01-23,62851375804,Ul. Oska 21,474349340
499,499,Xka,Yska,2005-11-21,71652715432,Ul. Yska 79,183415426
500,500,Rek,Jski,1962-12-19,42623905440,Ul. Lska 70,980173439
501,501,Rka,Iska,1974-05-03,41009795440,Ul. Hska 2,886978920
502,502,Xek,Iski,2003-07-27,52564194085,Ul. Nska 77,471481812
503,503,Tek,Pski,2003-01-09,42492082632,Ul. Kska 28,311627744
504,504,Fek,Hski,1992-12-03,62503359766,Ul. Mska 78,312764578
505,505,Lek,Mski,1984-07-17,82532610984,Ul. Qska 3,776974627
506,506,Jka,Dska,1964-09-21,61737905744,Ul. Yska 87,237137710
507,507,Tka,Cska,1988-08-28,61715886628,Ul. Yska 55,755169057
508,508,Kka,Iska,1970-12-03,64114993132,Ul. Cska 6,686044300
509,509,Oek,Uski,1995-01-02,52609322420,Ul. Mska 30,374505748
510,510,Mka,Bska,1968-12-11,52338215860,Ul. Gska 91,576986920
511,511,Xek,Jski,1999-08-23,51507842130,Ul. Jska 12,859721344
512,512,Qka,Aska,1983-12-15,84058288680,Ul. Eska 4,395715645
513,513,Rka,Qska,1984-10-12,51434818760,Ul. Aska 2,841555480
514,514,Hek,Nski,1940-10-20,73390575684,Ul. Pska 96,935912014
515,515,Ska,Kska,1969-08-28,83284408424,Ul. Qska 14,964674924
516,516,Bek,Hski,1988-04-02,43025908252,Ul. Hska 76,592306435
517,517,Xek,Pski,1952-08-20,52449993100,Ul. Pska 68,415335088
518,518,Bek,Oski,1997-09-21,43680630864,Ul. Mska 73,689890264
519,519,Jka,Yska,1994-06-01,63533679812,Ul. Oska 21,196115190
520,520,Fek,Tski,1942-07-22,43794303980,Ul. Wska 70,920164116
521,521,Fek,Kski,2004-03-04,71831370616,Ul. Kska 32,558851700
522,522,Gka,Cska,1986-07-03,61588257560,Ul. Dska 29,484469472
523,523,Sek,Cski,1969-06-06,73174017243,Ul. Kska 2,972318837
524,524,Gka,Jska,1980-05-28,63069760036,Ul. Lska 46,814455752
525,525,Mek,Qski,2008-09-04,41330672600,Ul. Uska 65,560552460
526,526,Wek,Oski,1952-09-22,51883716675,Ul. Yska 90,724903140
527,527,Aka,Rska,1981-10-13,54211408235,Ul. Eska 96,819533864
528,528,Rek,Qski,1972-11-01,63405660740,Ul. Fska 50,870428840
529,529,Nek,Lski,1944-02-03,51861568660,Ul. Kska 3,736533154
530,530,Cek,Eski,1982-06-01,63274384602,Ul. Lska 53,548295155
531,531,Ska,Cska,2009-05-15,43532428372,Ul. Cska 53,526436505
532,532,Tka,Dska,1966-03-04,72590262475,Ul. Uska 61,513516140
533,533,Gek,Mski,1988-03-21,74050092778,Ul. Mska 31,697785088
534,534,Vka,Wska,1982-08-03,62742110980,Ul. Mska 31,786780677
535,535,Jek,Mski,1999-10-27,43489986700,Ul. Dska 57,986634992
536,536,Wek,Iski,1987-10-07,63107486316,Ul. Hska 30,553820715
537,537,Hka,Sska,1958-02-20,72641119413,Ul. Iska 61,596568765
538,538,Oka,Dska,1945-12-26,53571390380,Ul. Nska 90,739563385
539,539,Nek,Aski,1969-01-16,43236969836,Ul. Dska 55,466074360
540,540,Kka,Aska,1949-09-13,52343543905,Ul. Rska 11,824854288
541,541,Eka,Eska,1957-06-18,54251605465,Ul. Yska 92,237630290
542,542,Cek,Tski,1976-12-04,74121136442,Ul. Lska 68,558703265
543,543,Uek,Wski,1974-11-09,53577960645,Ul. Yska 55,455697400
544,544,Uka,Oska,1964-01-07,42865869812,Ul. Dska 69,677935286
545,545,Yka,Xska,1955-01-07,82936618968,Ul. Xska 57,273124896
546,546,Eka,Qska,2003-11-19,63394428668,Ul. Mska 81,465421292
547,547,Hek,Cski,1989-04-26,42399624668,Ul. Hska 17,759790293
548,548,Xka,Bska,1966-01-02,83450746552,Ul. Gska 90,794014354
549,549,Kek,Fski,1964-03-17,52036572365,Ul. Oska 61,375329244
550,550,Jek,Qski,1975-01-23,83738621232,Ul. Kska 23,679135426
551,551,Eka,Lska,1965-02-19,73617928536,Ul. Cska 39,717880682
552,552,Wek,Bski,1944-03-01,63625915114,Ul. Iska 64,791804484
553,553,Eka,Eska,1997-02-09,83671360296,Ul. Nska 4,222314908
554,554,Bka,Oska,1962-10-05,64125257302,Ul. Mska 41,431301716
555,555,Xek,Lski,2002-09-02,83596785208,Ul. Wska 21,574528165
556,556,Oek,Dski,1979-03-10,62072860704,Ul. Wska 64,483885392
557,557,Ika,Dska,1987-03-26,81915555600,Ul. Xska 91,226017654
558,558,Mka,Wska,1987-02-12,83670545208,Ul. Eska 19,850538384
559,559,Uek,Sski,1955-03-15,44192300828,Ul. Kska 21,121729235
560,560,Dek,Yski,2005-05-20,61987205652,Ul. Bska 12,511127090
561,561,Lka,Kska,1985-06-27,72601228858,Ul. Lska 39,499922424
562,562,Kka,Mska,2000-07-26,52287906595,Ul. Dska 25,814702472
563,563,Dka,Mska,1960-12-17,73267149821,Ul. Wska 96,940471584
564,564,Aek,Qski,1949-10-07,53746946405,Ul. Bska 26,115900870
565,565,Pka,Oska,1964-12-08,54207047665,Ul. Kska 49,786535926
566,566,Eka,Wska,1996-04-25,51750300990,Ul. Gska 60,895071456
567,567,Ska,Mska,1999-10-16,61999480132,Ul. Iska 37,727811088
568,568,Pka,Jska,1976-12-25,61262739078,Ul. Cska 69,667674852
569,569,Aka,Kska,1979-06-24,52095750430,Ul. Oska 91,844213392
570,570,Rka,Cska,1982-03-05,73885463877,Ul. Sska 94,288601442
571,571,Mek,Tski,1945-03-20,72770931983,Ul. Gska 77,443676468
572,572,Pka,Yska,1948-08-18,61677679338,Ul. Wska 67,823303008
573,573,Gka,Aska,1950-08-25,72989911172,Ul. Xska 66,628149026
574,574,Wka,Vska,2006-08-11,62626923340,Ul. Uska 80,520905780
575,575,Uek,Dski,1981-03-19,54188079570,Ul. Jska 6,991681512
576,576,Gek,Qski,1945-06-26,72877528896,Ul. Oska 25,120630226
577,577,Lek,Iski,1960-01-05,43814724144,Ul. Oska 42,327808394
578,578,Gek,Vski,1975-07-21,42690013776,Ul. Oska 72,243264610
579,579,Bek,Bski,1954-05-20,73065602503,Ul. Sska 59,757891973
580,580,Rka,Dska,1992-05-24,84179407384,Ul. Xska 30,564135420
581,581,Fka,Fska,1965-12-14,43715827084,Ul. Dska 8,431447780
582,582,Xek,Mski,1963-09-27,62610553960,Ul. Oska 11,579411465
583,583,Tek,Dski,1970-04-28,83373318328,Ul. Uska 96,376886034
584,584,Qka,Aska,1976-10-15,71044218582,Ul. Tska 45,699592268
585,585,Oek,Aski,1971-11-27,63382236282,Ul. Hska 84,546643140
586,586,Eka,Tska,1991-04-13,51133001370,Ul. Vska 12,414605040
587,587,Gka,Yska,1946-02-10,52656538450,Ul. Yska 72,343928404
588,588,Eek,Pski,2002-12-14,83138250480,Ul. Yska 79,540046510
589,589,Bek,Uski,1943-06-24,81500162328,Ul. Iska 39,742633161
590,590,Mek,Qski,1952-05-24,84007520552,Ul. Wska 40,171706522
591,591,Yek,Fski,1944-07-25,41801364836,Ul. Rska 88,844154376
592,592,Mek,Yski,2009-03-25,83651378824,Ul. Sska 54,232729844
593,593,Pka,Kska,1945-06-28,61446725668,Ul. Xska 86,154231385
594,594,Tek,Dski,2002-03-25,81703608208,Ul. Vska 58,422898324
595,595,Fek,Bski,1978-04-20,82104227984,Ul. Bska 38,720248524
596,596,Kek,Aski,1951-07-17,61454116734,Ul. Mska 58,881669688
597,597,Yka,Mska,2006-05-14,72011906710,Ul. Gska 76,963827512
598,598,Wek,Yski,1939-12-22,43242919300,Ul. Lska 81,173602774
599,599,Jek,Yski,1971-06-18,82749716904,Ul. Aska 35,532345920
600,600,Yek,Nski,2005-09-06,44002818848,Ul. Uska 83,882136376
601,601,Mek,Dski,1997-03-04,81632647000,Ul. Xska 60,973083014
602,602,Yka,Fska,1974-09-15,51623962705,Ul. Uska 6,732202034
603,603,Ika,Kska,1942-03-20,51975621725,Ul. Hska 30,673809470
604,604,Nka,Dska,1986-03-09,81164041792,Ul. Wska 55,953493949
605,605,Aek,Pski,1949-12-17,73041813745,Ul. Jska 59,987713120
606,606,Vka,Qska,1962-08-28,81919727024,Ul. Wska 29,978308629
607,607,Gka,Sska,1998-05-17,41924108848,Ul. Vska 23,552130330
608,608,Qek,Sski,1985-01-10,61706234754,Ul. Iska 43,735968831
609,609,Rka,Iska,1963-02-08,81938305168,Ul. Eska 12,352694005
610,610,Lek,Vski,1947-03-13,53907414485,Ul. Nska 64,381474193
611,611,Gek,Qski,1943-12-19,64072437166,Ul. Wska 43,469767052
612,612,Qka,Yska,1952-01-01,41391395848,Ul. Xska 64,280030752
613,613,Nek,Fski,1982-06-22,62284580012,Ul. Lska 9,399688131
614,614,Dka,Fska,1954-04-25,61493241582,Ul. Fska 29,556812965
615,615,Nka,Uska,1968-07-03,41795309504,Ul. Jska 39,113116150
616,616,Kka,Kska,2001-12-19,53901438020,Ul. Gska 76,297464750
617,617,Cka,Lska,2008-01-09,62519518596,Ul. Iska 18,676568042
618,618,Yek,Nski,1960-05-08,72205208731,Ul. Jska 28,651324980
619,619,Tka,Bska,1996-12-11,82830072784,Ul. Rska 45,976028736
620,620,Yek,Tski,1947-08-28,82854883056,Ul. Pska 48,597334305
621,621,Gek,Kski,1949-02-06,71844404487,Ul. Sska 93,633981930
622,622,Jek,Kski,1961-12-23,41223764668,Ul. Oska 30,832573384
623,623,Dek,Rski,1991-11-11,42997150032,Ul. Rska 31,337069861
624,624,Kek,Xski,1962-04-20,43553109036,Ul. Bska 29,643902960
625,625,Gek,Oski,1961-08-25,53640303050,Ul. Mska 77,492800548
626,626,Lka,Pska,1961-06-10,81694297640,Ul. Eska 22,850926712
627,627,Eek,Iski,1988-02-10,72930614382,Ul. Cska 52,976371136
628,628,Nka,Hska,1996-08-01,82540611672,Ul. Yska 99,542906715
629,629,Nek,Hski,1989-12-14,42910732624,Ul. Vska 86,974840851
630,630,Oka,Mska,1970-06-13,52682114995,Ul. Dska 57,751167412
631,631,Iek,Xski,2006-03-21,82278772432,Ul. Yska 70,982654368
632,632,Dka,Aska,1960-01-13,43615843864,Ul. Bska 9,337105994
633,633,Jek,Eski,1983-01-04,53626044985,Ul. Tska 81,163112639
634,634,Tka,Nska,1944-10-02,63922767964,Ul. Yska 82,995924173
635,635,Uek,Iski,1970-03-25,84146885384,Ul. Wska 80,711374083
636,636,Mek,Cski,1989-01-06,51486932360,Ul. Aska 6,852034328
637,637,Wka,Tska,1987-09-21,43709142148,Ul. Dska 34,559112210
638,638,Lka,Tska,1948-06-08,41147823608,Ul. Mska 68,340565595
639,639,Lka,Dska,1990-08-27,53563585355,Ul. Uska 12,624123022
640,640,Jek,Pski,1948-12-25,41879617492,Ul. Fska 49,795366194
641,641,Iek,Jski,1949-01-07,43368185012,Ul. Uska 69,880093800
642,642,Qek,Uski,1953-06-08,51485547245,Ul. Eska 7,677281908
643,643,Bka,Bska,1942-04-26,52572200490,Ul. Yska 18,234407990
644,644,Bek,Dski,1966-11-20,52734648020,Ul. Qska 11,889344120
645,645,Tek,Pski,1948-09-20,54008189035,Ul. Cska 10,347980730
646,646,Rka,Jska,1953-10-05,73221913615,Ul. Jska 17,632592826
647,647,Ika,Yska,1969-07-21,52794369465,Ul. Nska 60,914848303
648,648,Pek,Sski,2003-06-21,72028451562,Ul. Pska 68,334396798
649,649,Fek,Fski,2001-08-11,54276554615,Ul. Jska 95,338864962
650,650,Cek,Uski,1992-02-09,42189810864,Ul. Sska 20,189712650
651,651,Mek,Tski,1979-04-16,81678999928,Ul. Gska 77,934440140
652,652,Oka,Cska,1986-12-08,42726606600,Ul. Oska 75,575304535
653,653,Qka,Fska,1994-08-16,43070289556,Ul. Vska 89,486008876
654,654,Eka,Xska,1997-06-23,51841488360,Ul. Lska 17,138521345
655,655,Vka,Hska,1941-08-05,72269109025,Ul. Bska 32,477025832
656,656,Fka,Nska,1968-09-10,41762935264,Ul. Bska 35,257602120
657,657,Rek,Yski,1968-08-23,52954459500,Ul. Mska 89,499828084
658,658,Dek,Yski,1941-01-14,64070808108,Ul. Aska 40,895502104
659,659,Iek,Lski,2004-12-01,63717095480,Ul. Jska 64,183321508
660,660,Xek,Fski,1944-09-27,42366272612,Ul. Aska 43,320389220
661,661,Aka,Hska,1947-08-09,64158466674,Ul. Vska 4,440116488
662,662,Ika,Iska,1979-08-03,63722860182,Ul. Wska 4,957563099
663,663,Mka,Aska,1962-02-23,82039158088,Ul. Dska 14,815958696
664,664,Xek,Oski,1957-08-15,83858487000,Ul. Jska 33,151005056
665,665,Vek,Jski,1960-12-28,52258563200,Ul. Rska 24,478009104
666,666,Ika,Mska,2000-06-04,43172334732,Ul. Tska 36,990809718
667,667,Pek,Gski,1982-01-26,41111948524,Ul. Cska 42,568857505
668,668,Ika,Jska,1940-02-10,61693183456,Ul. Gska 99,381340131
669,669,Vek,Jski,2004-07-22,82656593432,Ul. Wska 98,737500632
670,670,Kka,Iska,2008-12-26,71098978036,Ul. Rska 97,822811952
671,671,Oka,Tska,2008-04-14,81138436960,Ul. Aska 32,456519836
672,672,Tka,Sska,1965-06-05,81010747600,Ul. Nska 17,740824759
673,673,Oka,Oska,1951-09-11,52696304950,Ul. Iska 68,893540696
674,674,Yek,Dski,1943-08-04,51331045945,Ul. Dska 93,352367908
675,675,Aka,Gska,1955-06-05,83909437568,Ul. Tska 85,789729477
676,676,Nek,Nski,1995-01-21,81111511216,Ul. Lska 38,179009435
677,677,Wka,Bska,1998-06-09,53683701040,Ul. Kska 10,255637118
678,678,Rka,Tska,1949-04-07,42439892416,Ul. Iska 64,999483799
679,679,Oka,Qska,1967-05-15,52088984940,Ul. Xska 6,155011368
680,680,Tka,Cska,1949-07-14,53277921515,Ul. Cska 82,637697596
681,681,Rka,Lska,2000-08-06,83655005032,Ul. Aska 58,922183241
682,682,Vka,Nska,1975-02-04,44126986776,Ul. Lska 74,156519920
683,683,Uek,Oski,1980-08-25,51680221850,Ul. Rska 57,151413408
684,684,Xka,Oska,1984-06-15,42619205512,Ul. Sska 19,498609884
685,685,Nka,Pska,2008-11-18,63660896404,Ul. Cska 14,716086037
686,686,Eka,Uska,1956-03-06,64189999960,Ul. Oska 77,270345504
687,687,Uka,Bska,1944-11-16,72298873507,Ul. Xska 23,541502225
688,688,Xek,Yski,2007-08-14,73266377203,Ul. Mska 23,536223510
689,689,Cek,Tski,1999-12-12,51354059855,Ul. Uska 53,235346090
690,690,Mka,Rska,1950-11-19,72452559864,Ul. Uska 82,144201846
691,691,Vka,Mska,1949-04-09,74073247497,Ul. Lska 52,845058208
692,692,Yek,Aski,1960-04-23,61206242684,Ul. Kska 33,263316992
693,693,Qek,Pski,1969-05-08,71370663177,Ul. Wska 98,241323644
694,694,Uek,Iski,1983-09-18,61826946020,Ul. Aska 86,331604212
695,695,Nek,Gski,2005-06-06,41845309200,Ul. Wska 85,784187038
696,696,Wka,Yska,1991-10-10,73572244968,Ul. Kska 91,143215360
697,697,Gka,Tska,2006-09-21,53181418045,Ul. Uska 5,451432920
698,698,Rek,Uski,1956-01-17,73232158697,Ul. Kska 24,379031395
699,699,Uka,Aska,1989-09-27,82720625136,Ul. Qska 75,927728430
700,700,Eek,Tski,1982-06-24,42467387964,Ul. Eska 68,858208832
701,701,Vka,Vska,1995-11-26,42462988492,Ul. Sska 16,766580509
702,702,Kka,Oska,1961-01-18,84198432944,Ul. Hska 72,268231022
703,703,Aek,Mski,1976-05-08,71426465718,Ul. Sska 87,772404830
704,704,Wka,Mska,1972-03-01,51627184430,Ul. Dska 72,323984777
705,705,Ika,Iska,1992-06-11,82706717120,Ul. Oska 15,325570170
706,706,Oek,Dski,1953-05-23,61159430738,Ul. Lska 71,131124403
707,707,Xek,Gski,2004-04-16,81958403904,Ul. Aska 99,211160808
708,708,Nka,Bska,1944-10-09,84169976472,Ul. Fska 64,833879376
709,709,Gka,Yska,1964-04-15,71022991553,Ul. Vska 56,870515656
710,710,Ska,Eska,1951-09-12,71982314133,Ul. Bska 12,225057764
711,711,Cek,Nski,1939-11-18,83589341216,Ul. Aska 71,151800041
712,712,Uek,Yski,1966-11-20,64033618330,Ul. Bska 33,389205934
713,713,Vek,Wski,1999-01-17,63848338280,Ul. Rska 96,296313714
714,714,Kek,Vski,1994-01-06,52864552100,Ul. Bska 23,496915680
715,715,Dek,Tski,2001-02-02,83672256648,Ul. Lska 23,560627345
716,716,Iek,Xski,1966-08-24,44036600992,Ul. Pska 81,923271082
717,717,Vka,Rska,1943-07-17,83737624224,Ul. Fska 3,289806734
718,718,Wka,Tska,1967-08-28,61683684546,Ul. Dska 41,390528467
719,719,Gek,Yski,1954-03-27,54129757615,Ul. Hska 85,480232000
720,720,Hka,Aska,2005-07-28,81580154280,Ul. Nska 89,666302090
721,721,Iek,Rski,1953-06-26,52442419000,Ul. Oska 44,790728590
722,722,Bek,Bski,1946-04-12,51927537520,Ul. Yska 69,690208994
723,723,Uka,Fska,1943-09-16,61970545170,Ul. Aska 40,715867251
724,724,Uka,Qska,1939-03-10,44251186956,Ul. Tska 62,275928244
725,725,Fka,Tska,1946-03-08,41632146340,Ul. Lska 94,652543982
726,726,Eek,Sski,1979-02-20,63925900756,Ul. Kska 21,740451016
727,727,Qka,Nska,1958-08-17,53150280625,Ul. Qska 55,635278962
728,728,Mek,Iski,1963-08-04,53237279900,Ul. Mska 73,525529675
729,729,Hka,Yska,1963-03-22,53853599110,Ul. Yska 88,382965961
730,730,Yek,Yski,1958-12-19,73045723338,Ul. Mska 55,372130885
731,731,Bka,Cska,1982-09-21,44076435916,Ul. Rska 96,631187332
732,732,Rka,Iska,1988-06-28,62856175950,Ul. Sska 90,965170317
733,733,Yek,Wski,2007-03-11,64069181858,Ul. Jska 95,977009513
734,734,Nka,Xska,1958-05-16,61403260386,Ul. Mska 93,521613325
735,735,Yek,Tski,1983-12-11,63012910166,Ul. Jska 40,467401112
736,736,Yek,Nski,1991-04-02,61342256180,Ul. Dska 89,150529491
737,737,Wka,Vska,2001-12-26,41267821340,Ul. Tska 60,276558896
738,738,Wka,Kska,2000-06-16,83601075304,Ul. Gska 36,235418380
739,739,Lka,Vska,1953-12-12,72063900072,Ul. Uska 56,163113644
740,740,Eek,Vski,1952-07-26,61535600762,Ul. Tska 57,567330715
741,741,Bka,Xska,1974-07-13,73930250101,Ul. Sska 46,475795544
742,742,Cka,Gska,1983-09-03,83045908704,Ul. Wska 48,965853279
743,743,Yek,Gski,1948-03-21,53013866310,Ul. Hska 98,415076776
744,744,Mka,Vska,1983-02-17,42318311800,Ul. Rska 79,866887064
745,745,Nka,Iska,1945-04-08,83135398592,Ul. Nska 54,426756628
746,746,Hek,Eski,1939-07-10,41442412916,Ul. Kska 50,430731404
747,747,Jka,Fska,1987-01-24,43577807432,Ul. Bska 64,234217156
748,748,Yek,Vski,1944-06-11,53567836470,Ul. Kska 21,163810987
749,749,Qek,Bski,1941-04-04,61783626048,Ul. Pska 38,488174240
750,750,Jka,Cska,1995-04-19,42482609240,Ul. Hska 83,596434025
751,751,Uka,Sska,1977-08-18,63889685778,Ul. Uska 52,570677455
752,752,Fek,Uski,1977-09-17,61690062136,Ul. Nska 86,336231626
753,753,Cek,Gski,2003-01-28,61630427254,Ul. Rska 95,462087080
754,754,Dka,Oska,1973-04-22,42668638764,Ul. Wska 73,531331250
755,755,Nek,Hski,1948-12-04,53572104480,Ul. Hska 5,715941230
756,756,Lka,Xska,1976-05-10,61945726012,Ul. Cska 73,254042420
757,757,Oek,Jski,2000-11-16,43836103260,Ul. Kska 65,912200889
758,758,Rek,Mski,1951-09-24,62205454732,Ul. Oska 71,859167760
759,759,Pek,Pski,1946-10-16,42491386140,Ul. Tska 41,284218890
760,760,Hka,Eska,1977-09-24,71695161313,Ul. Mska 14,597167095
761,761,Tek,Nski,1947-07-23,83372926824,Ul. Yska 93,316655959
762,762,Cek,Aski,1957-10-16,43196026016,Ul. Wska 87,242417292
763,763,Jka,Mska,1971-11-15,81922356800,Ul. Aska 67,556728595
764,764,Jka,Bska,1995-09-18,63544092210,Ul. Hska 97,571860965
765,765,Bka,Dska,1962-09-28,53500735850,Ul. Qska 96,739624196
766,766,Cka,Yska,1961-08-17,41692324876,Ul. Kska 15,416165588
767,767,Tka,Bska,1957-04-11,82845317832,Ul. Yska 92,218065490
768,768,Cek,Mski,1959-12-10,72683707156,Ul. Mska 91,118320737
769,769,Bka,Lska,1997-04-19,61164218762,Ul. Oska 11,951922167
770,770,Mka,Gska,1942-02-16,73094386086,Ul. Oska 35,452529928
771,771,Bka,Uska,1999-09-28,61377552940,Ul. Jska 10,758127227
772,772,Yek,Mski,1993-11-02,84133446480,Ul. Cska 35,437654604
773,773,Wek,Eski,1967-07-27,62286827038,Ul. Xska 29,872231552
774,774,Oka,Rska,1982-08-04,61912404764,Ul. Mska 16,742619058
775,775,Xek,Sski,1970-09-09,64273105456,Ul. Kska 85,642811688
776,776,Rek,Lski,1950-05-28,81069311176,Ul. Pska 36,442230188
777,777,Jka,Nska,2009-08-15,61432407532,Ul. Sska 24,246828888
778,778,Gka,Yska,2002-09-07,81262533160,Ul. Uska 89,156625760
779,779,Rka,Uska,2009-02-26,82235630536,Ul. Nska 20,249225182
780,780,Lek,Cski,1976-10-17,72716532389,Ul. Wska 42,840088936
781,781,Qek,Cski,1992-07-23,61197548150,Ul. Cska 57,743587803
782,782,Xka,Nska,1992-11-09,83278096064,Ul. Kska 34,849942072
783,783,Uka,Oska,1965-03-09,72621672044,Ul. Oska 6,735679697
784,784,Lek,Cski,1956-07-04,83666357048,Ul. Yska 12,816655832
785,785,Oek,Dski,1945-09-14,82521617408,Ul. Mska 84,350761917
786,786,Vka,Yska,1951-11-14,43210105256,Ul. Mska 17,343826124
787,787,Eek,Uski,1975-12-28,53572132515,Ul. Fska 72,330759157
788,788,Cek,Sski,1968-07-25,62757078198,Ul. Lska 60,444882948
789,789,Oka,Vska,1955-04-01,51959786500,Ul. Lska 33,490150468
790,790,Oek,Jski,1965-08-18,73596663296,Ul. Qska 52,744535994
791,791,Eek,Iski,1939-06-04,41321430856,Ul. Eska 13,252347340
792,792,Dka,Hska,2004-01-18,82702625032,Ul. Gska 1,853128848
793,793,Lka,Sska,1980-11-16,62475062726,Ul. Gska 85,558412415
794,794,Mek,Jski,1959-04-27,82626562320,Ul. Eska 31,370523280
795,795,Fek,Tski,1980-10-17,61192261674,Ul. Cska 3,267446082
796,796,Qka,Sska,1949-07-11,83577707672,Ul. Tska 71,970983835
797,797,Xek,Aski,1982-01-18,41698628980,Ul. Gska 30,532151575
798,798,Qka,Uska,1943-07-16,52576386355,Ul. Uska 38,176528228
799,799,Kka,Wska,1946-05-06,82785979544,Ul. Oska 5,283102538
800,800,Oek,Oski,1970-07-15,53264417855,Ul. Dska 53,623391310
801,801,Eka,Jska,1980-05-27,83541251336,Ul. Yska 19,262307108
802,802,Jka,Tska,1976-01-09,42269501612,Ul. Dska 64,951020817
803,803,Oek,Vski,2007-07-04,61966528926,Ul. Aska 60,743425489
804,804,Eka,Eska,1957-01-20,61588689352,Ul. Vska 65,774821284
805,805,Sek,Tski,2005-05-21,53996722620,Ul. Yska 1,896111320
806,806,Uka,Dska,1971-10-27,63055484596,Ul. Sska 3,984730671
807,807,Nka,Sska,1999-11-08,63085467832,Ul. Dska 74,918559893
808,808,Xka,Pska,1974-11-10,71586174685,Ul. Tska 62,489622740
809,809,Vek,Xski,1994-05-10,63571627318,Ul. Kska 43,981466609
810,810,Mka,Pska,2000-10-08,72087618776,Ul. Cska 27,631115258
811,811,Bka,Lska,1982-11-28,82122695648,Ul. Uska 76,641132664
812,812,Lka,Jska,1965-10-01,41348407260,Ul. Qska 2,822930296
813,813,Jka,Eska,1989-03-19,53739209075,Ul. Hska 46,396440554
814,814,Hka,Yska,1993-05-25,42399392116,Ul. Rska 69,775660069
815,815,Uek,Gski,1962-07-09,83007561072,Ul. Oska 77,485799628
816,816,Iek,Bski,1956-04-09,42664164448,Ul. Wska 17,738881473
817,817,Rek,Uski,1948-07-01,63803593144,Ul. Rska 40,516893765
818,818,Hek,Jski,1963-02-21,63724816520,Ul. Jska 69,916160424
819,819,Aek,Vski,1987-08-12,81580703960,Ul. Uska 19,343113932
820,820,Tka,Iska,1972-07-23,73683656401,Ul. Eska 65,597700305
821,821,Iek,Cski,1971-10-17,81449754024,Ul. Tska 71,982453837
822,822,Rka,Jska,2003-10-11,73561705238,Ul. Xska 30,798697167
823,823,Eek,Tski,1989-07-15,62731877994,Ul. Lska 92,128130200
824,824,Dek,Sski,2002-05-15,71824507518,Ul. Eska 70,829847224
825,825,Jka,Wska,1998-05-02,83534583448,Ul. Uska 81,572642905
826,826,Wek,Bski,1985-12-17,81920004184,Ul. Vska 44,322678783
827,827,Dek,Lski,1949-02-15,71905692449,Ul. Qska 66,778224574
828,828,Qka,Aska,1953-04-02,73641563261,Ul. Hska 41,269121272
829,829,Vek,Gski,1953-05-15,51241810150,Ul. Nska 57,494288888
830,830,Lek,Yski,1970-09-13,63204019310,Ul. Vska 16,312878183
831,831,Lka,Cska,1985-12-02,73058614098,Ul. Mska 83,976213417
832,832,Nka,Tska,1959-01-12,52335438720,Ul. Tska 99,589654520
833,833,Cka,Nska,1971-11-04,71352413657,Ul. Qska 90,140011922
834,834,Tek,Aski,1962-03-01,82118976016,Ul. Qska 70,471527748
835,835,Xek,Qski,1998-07-12,74259734734,Ul. Sska 60,411763200
836,836,Cka,Mska,2002-04-25,61549735468,Ul. Jska 68,556750220
837,837,Fka,Jska,1952-07-04,42218551612,Ul. Pska 11,695011966
838,838,Hka,Wska,1959-12-17,42756223796,Ul. Hska 49,349972729
839,839,Eka,Uska,1939-11-24,53361027205,Ul. Bska 61,239500670
840,840,Kek,Vski,2003-08-26,73529327848,Ul. Cska 70,947623661
841,841,Rka,Jska,2005-07-10,72916539867,Ul. Cska 7,641054534
842,842,Ska,Oska,1950-06-10,52042814770,Ul. Mska 94,962974977
843,843,Oka,Rska,1972-02-02,64076956750,Ul. Eska 73,633625356
844,844,Uka,Yska,2007-01-11,84244452056,Ul. Tska 3,265217284
845,845,Vek,Xski,1991-12-23,62976988988,Ul. Sska 39,962818116
846,846,Gka,Nska,1952-11-27,83091690664,Ul. Iska 15,245420378
847,847,Lek,Fski,1959-08-21,82813833544,Ul. Fska 52,547779755
848,848,Vek,Kski,1940-03-28,72031113199,Ul. Lska 97,546667245
849,849,Wek,Sski,1952-09-24,72526264610,Ul. Nska 41,224607004
850,850,Yek,Eski,1962-08-26,82747101672,Ul. Tska 52,787336794
851,851,Dka,Lska,1959-07-24,72121953648,Ul. Qska 69,154914618
852,852,Qka,Uska,1991-07-02,53362221465,Ul. Hska 82,999891440
853,853,Qek,Pski,2007-09-22,82837125912,Ul. Gska 3,352226418
854,854,Xek,Lski,1957-12-26,52478328395,Ul. Mska 19,135102110
855,855,Rek,Gski,1959-10-15,71621786011,Ul. Tska 49,965628035
856,856,Fek,Bski,1983-07-10,72817746741,Ul. Lska 9,692180004
857,857,Gek,Vski,1951-04-20,74010952166,Ul. Hska 47,448604816
858,858,Vek,Yski,1972-04-04,63296980082,Ul. Dska 36,916207659
859,859,Yka,Lska,1941-08-01,42443345700,Ul. Uska 69,868000704
860,860,Ska,Gska,1957-09-27,62782319796,Ul. Tska 88,575356130
861,861,Ska,Rska,1996-07-13,73071501845,Ul. Qska 86,871541360
862,862,Wek,Xski,1983-02-20,41085592860,Ul. Rska 51,129914185
863,863,Vek,Lski,1948-03-10,72249400494,Ul. Vska 84,765589019
864,864,Fka,Lska,1951-07-18,84063453408,Ul. Cska 5,696822694
865,865,Tka,Hska,1968-06-17,72297113169,Ul. Hska 79,195523150
866,866,Lek,Vski,1951-05-15,71995983547,Ul. Uska 48,129419925
867,867,Pek,Hski,1977-12-25,43771017728,Ul. Jska 7,563813450
868,868,Oka,Pska,1940-09-15,63472349514,Ul. Jska 11,477154600
869,869,Uek,Jski,1977-03-23,61579434806,Ul. Vska 57,115407200
870,870,Pek,Aski,2007-09-01,72212050584,Ul. Uska 46,214706626
871,871,Qek,Qski,1961-12-08,64095244160,Ul. Rska 91,626677996
872,872,Wek,Fski,2006-12-12,71644355188,Ul. Lska 25,627290786
873,873,Hek,Mski,1982-07-06,81021940400,Ul. Hska 54,130319190
874,874,Mek,Lski,1951-10-15,54168107200,Ul. Wska 74,361565748
875,875,Lka,Mska,2001-02-25,84021900440,Ul. Dska 98,952286760
876,876,Wka,Aska,1972-03-15,61439736404,Ul. Pska 4,495115792
877,877,Vek,Dski,2001-10-19,53947057530,Ul. Sska 22,883187912
878,878,Dka,Dska,1974-04-16,83684291976,Ul. Bska 52,583662365
879,879,Iek,Sski,1993-06-05,71444857906,Ul. Eska 58,132217939
880,880,Kek,Kski,1994-07-26,73475279807,Ul. Aska 8,418370884
881,881,Hka,Rska,1948-05-07,43931159536,Ul. Uska 17,634168592
882,882,Bek,Sski,1995-05-05,53726745170,Ul. Nska 37,918950398
883,883,Lka,Hska,1995-10-05,51529251290,Ul. Qska 2,669730032
884,884,Aka,Mska,1941-02-16,82067985000,Ul. Cska 54,427324648
885,885,Kka,Iska,1941-10-07,51737836035,Ul. Eska 1,145109963
886,886,Vek,Fski,1950-08-27,52362601600,Ul. Xska 84,245938346
887,887,Tek,Bski,1973-09-19,81082169888,Ul. Xska 1,557355905
888,888,Nek,Iski,1940-05-11,81247056088,Ul. Qska 55,169402540
889,889,Eek,Lski,1952-12-06,63001435468,Ul. Iska 1,647249338
890,890,Eek,Kski,1939-03-14,44063296232,Ul. Aska 64,360647076
891,891,Iek,Qski,1997-06-28,62824326136,Ul. Tska 77,471924888
892,892,Qek,Wski,1994-09-06,41684712452,Ul. Cska 44,843180344
893,893,Bek,Oski,1960-06-11,43212741148,Ul. Hska 81,239920388
894,894,Ska,Oska,1941-07-26,41923680116,Ul. Lska 94,244126540
895,895,Fek,Sski,1973-12-06,83858740568,Ul. Hska 17,928455402
896,896,Oka,Uska,1986-07-15,51145750320,Ul. Hska 93,432233952
897,897,Ska,Uska,1958-07-06,62605464878,Ul. Nska 88,687598622
898,898,Yka,Hska,1947-10-20,52892403995,Ul. Kska 46,792418582
899,899,Nka,Fska,2001-06-09,64205595594,Ul. Pska 54,885650560
900,900,Hek,Cski,2002-06-12,51897309255,Ul. Uska 11,367475645
901,901,Hek,Lski,1979-09-10,41791398492,Ul. Dska 86,275144862
902,902,Hek,Mski,1944-10-23,64257850996,Ul. Pska 33,469937060
903,903,Rka,Oska,2004-02-21,62645021536,Ul. Nska 57,140417220
904,904,Yka,Dska,1964-08-20,72145927944,Ul. Nska 34,547301280
905,905,Kka,Wska,1995-08-22,81081660200,Ul. Mska 79,349762997
906,906,Yek,Fski,1985-04-02,53311315725,Ul. Vska 3,799024150
907,907,Oek,Jski,1995-12-24,52795920650,Ul. Eska 92,967354054
908,908,Dka,Nska,1989-01-05,64268532256,Ul. Mska 8,975496668
909,909,Gka,Lska,2003-10-03,63494722368,Ul. Kska 29,210117686
910,910,Kek,Nski,1941-08-14,74145438236,Ul. Qska 6,662654896
911,911,Tka,Lska,1986-02-22,53220908500,Ul. Nska 80,325202568
912,912,Xka,Sska,2009-05-25,53790911845,Ul. Tska 43,977620447
913,913,Jek,Bski,1985-07-02,61791236176,Ul. Aska 48,719909538
914,914,Nka,Yska,1947-06-07,81921150320,Ul. Vska 46,823953216
915,915,Uka,Pska,2001-11-06,71050261490,Ul. Vska 40,515271110
916,916,Tka,Xska,1969-04-08,41714688948,Ul. Xska 73,990576545
917,917,Lek,Yski,1983-08-05,51960052440,Ul. Cska 85,818311104
918,918,Kek,Uski,1978-12-18,83592363168,Ul. Oska 40,234664988
919,919,Aka,Dska,2001-06-20,52565894700,Ul. Nska 18,420191776
920,920,Xka,Jska,1989-11-14,44145679272,Ul. Lska 94,410528320
921,921,Pek,Xski,1989-02-08,41242094556,Ul. Yska 8,177821126
922,922,Xek,Wski,1966-05-14,63162667806,Ul. Oska 38,256414974
923,923,Ika,Hska,2006-06-23,71429654649,Ul. Hska 4,849343968
924,924,Nek,Pski,1976-12-04,52671954175,Ul. Yska 87,671041340
925,925,Qek,Tski,2001-02-22,52606682315,Ul. Hska 49,878177712
926,926,Rek,Rski,1996-02-26,53228497385,Ul. Qska 52,627165636
927,927,Nek,Mski,2006-02-11,43195163864,Ul. Vska 37,912844918
928,928,Cka,Eska,1983-11-26,81025891896,Ul. Cska 38,665629454
929,929,Pek,Uski,1940-05-23,83423436440,Ul. Rska 72,256840276
930,930,Oek,Sski,1999-10-23,64162175774,Ul. Cska 58,664886454
931,931,Vka,Dska,2006-09-10,81077043864,Ul. Bska 3,350902394
932,932,Eek,Dski,2001-10-23,52834448475,Ul. Bska 36,814589096
933,933,Fka,Yska,1951-07-14,54204744295,Ul. Gska 96,693377004
934,934,Gka,Gska,1972-05-24,53536768880,Ul. Jska 1,275035430
935,935,Vka,Vska,1957-01-05,41282214944,Ul. Eska 6,538054035
936,936,Lek,Vski,1987-02-26,63056302274,Ul. Vska 63,254638438
937,937,Uek,Nski,1952-10-23,61373709488,Ul. Vska 22,797699372
938,938,Mka,Sska,1975-06-27,52512539705,Ul. Wska 63,568891775
939,939,Eka,Gska,1975-02-27,72875735205,Ul. Tska 42,584233980
940,940,Qka,Yska,1998-05-18,52766220005,Ul. Aska 73,177100082
941,941,Lek,Gski,1968-10-04,83379867192,Ul. Dska 47,974623182
942,942,Qek,Fski,1996-11-27,42804301576,Ul. Iska 53,969669361
943,943,Pka,Rska,1979-10-10,74270220701,Ul. Vska 50,414766420
944,944,Vek,Pski,1962-07-19,71409684672,Ul. Tska 55,759540229
945,945,Hka,Jska,1945-05-10,41347725956,Ul. Vska 61,948170144
946,946,Bka,Mska,1968-10-27,64056778974,Ul. Pska 50,696848366
947,947,Eek,Iski,2008-01-03,43571522312,Ul. Dska 61,422319348
948,948,Gka,Gska,1990-02-02,52577290520,Ul. Vska 84,515875435
949,949,Eka,Fska,1975-11-22,82396608248,Ul. Nska 33,769703271
950,950,Qka,Nska,1955-12-08,71629437982,Ul. Yska 52,629855292
951,951,Cek,Wski,1953-08-13,72610776771,Ul. Lska 21,280003270
952,952,Wka,Xska,1946-07-28,43802076548,Ul. Cska 65,430852232
953,953,Wka,Xska,1998-01-27,81107553800,Ul. Uska 84,474660068
954,954,Ika,Jska,2003-11-12,71177961973,Ul. Mska 18,313082884
955,955,Pka,Aska,1973-12-26,61555327230,Ul. Kska 11,471677224
956,956,Fek,Tski,1972-06-24,63151978738,Ul. Rska 50,622950946
957,957,Pka,Aska,2009-07-04,83832422056,Ul. Oska 52,945787894
958,958,Eek,Uski,1966-05-20,54149071645,Ul. Jska 73,221824656
959,959,Iek,Nski,1940-02-28,63760074238,Ul. Gska 53,216106438
960,960,Bka,Gska,1983-03-19,72954637618,Ul. Xska 66,157723217
961,961,Hek,Uski,2005-08-09,84257935288,Ul. Bska 36,158613450
962,962,Bka,Qska,1970-01-15,63520328308,Ul. Pska 33,498299852
963,963,Uek,Bski,1940-02-16,71367938416,Ul. Rska 4,126214385
964,964,Kka,Iska,1953-09-05,64101093708,Ul. Eska 6,846457904
965,965,Qka,Oska,2006-11-14,61977862888,Ul. Dska 36,954979281
966,966,Jek,Tski,1993-04-26,72884104116,Ul. Iska 87,214441328
967,967,Nek,Mski,1973-02-22,53917068975,Ul. Eska 31,943781738
968,968,Gek,Sski,1986-01-19,84036357768,Ul. Jska 22,715407340
969,969,Nka,Yska,1955-09-24,41815339944,Ul. Tska 75,864218760
970,970,Qek,Hski,1970-11-07,83173712392,Ul. Xska 88,342683727
971,971,Jka,Yska,1974-10-26,81822845800,Ul. Fska 84,756764941
972,972,Oek,Wski,1987-01-25,51713403610,Ul. Rska 4,363271466
973,973,Jka,Eska,1949-08-08,73723986221,Ul. Jska 13,391683436
974,974,Jek,Lski,1981-10-11,62906419586,Ul. Vska 24,366662724
975,975,Qek,Eski,1998-04-03,62358730744,Ul. Rska 50,393207206
976,976,Dka,Rska,1995-12-04,62955767428,Ul. Sska 42,114116510
977,977,Mek,Qski,1981-05-25,82927476064,Ul. Kska 38,160131839
978,978,Qka,Sska,1982-01-09,72114254705,Ul. Gska 68,491001840
979,979,Pek,Fski,1994-12-28,83787422760,Ul. Tska 91,818693304
980,980,Bek,Rski,1971-03-27,63292738130,Ul. Wska 80,430136460
981,981,Uek,Uski,1984-11-28,53578225650,Ul. Uska 64,130113650
982,982,Aek,Iski,1945-02-11,63405457726,Ul. Nska 37,398396885
983,983,Mek,Nski,1976-11-02,42669417440,Ul. Nska 79,957661830
984,984,Hek,Vski,1963-03-12,83973024536,Ul. Bska 53,689124204
985,985,Lka,Lska,2000-01-01,43333480100,Ul. Mska 98,710399071
986,986,Tka,Cska,1947-12-05,53606228580,Ul. Hska 11,531564100
987,987,Nka,Oska,1998-10-14,81581920696,Ul. Rska 12,781651779
988,988,Jka,Kska,1967-08-10,72171415740,Ul. Bska 14,234344838
989,989,Nka,Rska,1993-06-11,61277238874,Ul. Hska 98,157820271
990,990,Nka,Lska,2005-08-28,42195554944,Ul. Bska 62,153304493
991,991,Qek,Qski,1964-10-01,84139031664,Ul. Lska 21,886805384
992,992,Dka,Vska,1973-05-26,51268329195,Ul. Fska 51,351383289
993,993,Pka,Dska,1975-04-03,72977861460,Ul. Yska 32,597023635
994,994,Pka,Tska,1984-12-07,53597482285,Ul. Jska 64,387511061
995,995,Pka,Mska,1950-07-25,73868919821,Ul. Iska 56,822087360
996,996,Iek,Cski,1960-07-21,81876729664,Ul. Tska 88,996556753
997,997,Nka,Jska,1991-12-01,73014782222,Ul. Bska 3,549121865
998,998,Fek,Wski,1960-02-23,43496760944,Ul. Sska 84,871111960
999,999,Uek,Eski,1973-04-23,52991427870,Ul. Qska 77,514535430
1000,1000,Cka,Hska,1966-02-18,73108528170,Ul. Rska 72,656219442
